REP,S0_ID,S1_ID,S0_Treatment,S1_treatment,Treatment,ID,Germination_date,Flowering_date,FT,Sow_date,Days_to_Flower
2,154,1139,W,D,D,2835,#DIV/0!,01-Jan,#DIV/0!,29-Oct,64
2,166,1161,D,D,D,2967,06-Nov,01-Jan,56,29-Oct,64
2,170,1173,D,W,D,3042,08-Nov,01-Jan,54,29-Oct,64
2,172,1178,D,D,W,3069,06-Nov,01-Jan,56,29-Oct,64
2,371,1211,W,D,D,3267,06-Nov,01-Jan,56,29-Oct,64
2,375,1239,D,D,D,3435,#DIV/0!,01-Jan,#DIV/0!,29-Oct,64
2,38,1060,W,D,D,2361,06-Nov,02-Jan,57,29-Oct,65
2,39A,1067,W,D,D,2403,#DIV/0!,02-Jan,#DIV/0!,29-Oct,65
2,39A,1071,D,D,D,2427,02-Nov,02-Jan,61,29-Oct,65
2,153,1132,W,W,D,2796,09-Nov,02-Jan,54,29-Oct,65
2,153,1134,W,D,D,2805,#DIV/0!,02-Jan,#DIV/0!,29-Oct,65
2,153,1134,W,W,W,2808,07-Nov,02-Jan,56,29-Oct,65
2,153,1135,D,D,D,2811,06-Nov,02-Jan,57,29-Oct,65
2,153,1136,D,D,W,2817,06-Nov,02-Jan,57,29-Oct,65
2,154,1140,W,W,D,2844,02-Nov,02-Jan,61,29-Oct,65
2,154,1142,D,D,D,2853,02-Nov,02-Jan,61,29-Oct,65
2,164,1155,D,W,D,2934,10-Nov,02-Jan,53,29-Oct,65
2,166,1161,D,D,W,2967,06-Nov,02-Jan,57,29-Oct,65
2,344,1197,D,D,D,3183,06-Nov,02-Jan,57,29-Oct,65
2,371,1210,W,D,D,3261,05-Nov,02-Jan,58,29-Oct,65
2,371,1211,W,W,D,3270,05-Nov,02-Jan,58,29-Oct,65
2,371,1211,W,W,W,3270,05-Nov,02-Jan,58,29-Oct,65
2,371,1214,D,D,D,3285,06-Nov, v,57,29-Oct,65
2,54,1108,W,D,D,2649,#DIV/0!,03-Jan,#DIV/0!,29-Oct,66
2,153,1136,D,D,D,2817,06-Nov,03-Jan,58,29-Oct,66
2,164,1152,W,W,W,2916,12-Nov,03-Jan,52,29-Oct,66
2,164,1154,D,W,W,2928,05-Nov,03-Jan,59,29-Oct,66
2,371,1210,W,D,W,3261,05-Nov,03-Jan,59,29-Oct,66
2,371,1215,D,W,D,3294,#DIV/0!,03-Jan,#DIV/0!,29-Oct,66
2,374,1228,W,D,D,3369,05-Nov,03-Jan,59,29-Oct,66
2,375,1236,W,D,D,3417,#DIV/0!,03-Jan,#DIV/0!,29-Oct,66
2,153,1133,W,D,D,2799,05-Nov,04-Jan,60,29-Oct,67
2,153,1135,D,W,D,2814,06-Nov,04-Jan,59,29-Oct,67
2,154,1142,D,W,W,2856,08-Nov,04-Jan,57,29-Oct,67
2,164,1152,W,W,D,2916,12-Nov,04-Jan,53,29-Oct,67
2,166,1156,W,D,W,2937,05-Nov,04-Jan,60,29-Oct,67
2,170,1168,W,D,W,3009,06-Nov,04-Jan,59,29-Oct,67
2,172,1175,W,D,D,3051,05-Nov,04-Jan,60,29-Oct,67
2,172,1178,D,D,D,3069,06-Nov,04-Jan,59,29-Oct,67
2,343,1186,W,D,W,3117,05-Nov,04-Jan,60,29-Oct,67
2,344,1194,W,W,D,3168,05-Nov,04-Jan,60,29-Oct,67
2,371,1215,D,W,W,3294,#DIV/0!,04-Jan,#DIV/0!,29-Oct,67
2,39A,1069,D,D,D,2415,02-Nov,05-Jan,64,29-Oct,68
2,39B,1076,D,D,D,2457,05-Nov,05-Jan,61,29-Oct,68
2,40,1082,D,W,D,2496,07-Nov,05-Jan,59,29-Oct,68
2,51,1100,D,D,D,2601,02-Nov,05-Jan,64,29-Oct,68
2,57,1115,W,D,D,2691,#DIV/0!,05-Jan,#DIV/0!,29-Oct,68
2,153,1134,W,W,D,2808,07-Nov,05-Jan,59,29-Oct,68
2,154,1138,W,W,D,2832,06-Nov,05-Jan,60,29-Oct,68
2,166,1160,D,D,D,2961,05-Nov,05-Jan,61,29-Oct,68
2,170,1170,W,D,D,3021,05-Nov,05-Jan,61,29-Oct,68
2,172,1175,W,W,W,3054,09-Nov,05-Jan,57,29-Oct,68
2,172,1179,D,W,D,3078,05-Nov,05-Jan,61,29-Oct,68
2,371,1212,W,W,D,3276,05-Nov,05-Jan,61,29-Oct,68
2,374,1228,W,W,D,3372,09-Nov,05-Jan,57,29-Oct,68
2,374,1232,D,W,D,3396,05-Nov,05-Jan,61,29-Oct,68
2,375,1239,D,W,D,3438,,05-Jan,,29-Oct,68
2,6,1021,D,D,D,2127,02-Nov,06-Jan,65,29-Oct,69
2,38,1061,W,D,D,2367,06-Nov,06-Jan,61,29-Oct,69
2,39A,1070,D,D,D,2421,02-Nov,06-Jan,65,29-Oct,69
2,39B,1072,W,D,D,2433,#DIV/0!,06-Jan,#DIV/0!,29-Oct,69
2,39B,1077,D,W,D,2466,08-Nov,06-Jan,59,29-Oct,69
2,49,1091,W,D,D,2547,02-Nov,06-Jan,65,29-Oct,69
2,49,1094,D,W,D,2568,05-Nov,06-Jan,62,29-Oct,69
2,153,1133,W,D,W,2799,05-Nov,06-Jan,62,29-Oct,69
2,153,1136,D,W,D,2820,05-Nov,06-Jan,62,29-Oct,69
2,154,1142,D,W,D,2856,08-Nov,06-Jan,59,29-Oct,69
2,164,1150,W,D,D,2901,05-Nov,06-Jan,62,29-Oct,69
2,167,1163,W,D,D,2979,07-Nov,06-Jan,60,29-Oct,69
2,170,1173,D,W,W,3042,08-Nov,06-Jan,59,29-Oct,69
2,343,1189,D,W,D,3138,10-Nov,06-Jan,57,29-Oct,69
2,345,1202,D,W,D,3216,05-Nov,06-Jan,62,29-Oct,69
2,349,1205,W,D,D,3231,06-Nov,06-Jan,61,29-Oct,69
2,349,1209,D,D,D,3255,05-Nov,06-Jan,62,29-Oct,69
2,349,1209,D,W,D,3258,07-Nov,06-Jan,60,29-Oct,69
2,371,1215,D,D,D,3291,05-Nov,06-Jan,62,29-Oct,69
2,371,1215,D,D,W,3291,05-Nov,06-Jan,62,29-Oct,69
2,373,1226,D,D,D,3357,05-Nov,06-Jan,62,29-Oct,69
2,375,1238,D,D,D,3429,02-Nov,06-Jan,65,29-Oct,69
2,1,1002,W,W,D,2016,05-Nov,07-Jan,63,29-Oct,70
2,3,1008,W,W,D,2052,05-Nov,07-Jan,63,29-Oct,70
2,39A,1066,W,W,D,2400,#DIV/0!,07-Jan,#DIV/0!,29-Oct,70
2,39A,1071,D,D,W,2427,02-Nov,07-Jan,66,29-Oct,70
2,39A,1071,D,W,D,2430,05-Nov,07-Jan,63,29-Oct,70
2,39B,1072,W,D,W,2433,#DIV/0!,07-Jan,#DIV/0!,29-Oct,70
2,39B,1075,D,W,D,2454,05-Nov,07-Jan,63,29-Oct,70
2,39B,1076,D,W,D,2460,06-Nov,07-Jan,62,29-Oct,70
2,39B,1077,D,D,D,2463,05-Nov,07-Jan,63,29-Oct,70
2,49,1090,W,D,D,2541,05-Nov,07-Jan,63,29-Oct,70
2,49,1093,D,D,D,2559,05-Nov,07-Jan,63,29-Oct,70
2,54,1111,D,W,D,2670,05-Nov,07-Jan,63,29-Oct,70
2,148,1121,W,D,D,2727,10-Nov,07-Jan,58,29-Oct,70
2,153,1133,W,W,W,2802,07-Nov,07-Jan,61,29-Oct,70
2,153,1135,D,D,W,2811,06-Nov,07-Jan,62,29-Oct,70
2,164,1152,W,D,W,2913,#DIV/0!,07-Jan,#DIV/0!,29-Oct,70
2,170,1171,D,D,D,3027,06-Nov,07-Jan,62,29-Oct,70
2,170,1172,D,W,D,3036,08-Nov,07-Jan,60,29-Oct,70
2,343,1189,D,W,W,3138,10-Nov,07-Jan,58,29-Oct,70
2,343,1191,D,D,D,3147,05-Nov,07-Jan,63,29-Oct,70
2,344,1197,D,D,W,3183,06-Nov,07-Jan,62,29-Oct,70
2,345,1199,W,W,D,3198,#DIV/0!,07-Jan,#DIV/0!,29-Oct,70
2,349,1206,W,D,D,3237,05-Nov,07-Jan,63,29-Oct,70
2,371,1211,W,D,W,3267,06-Nov,07-Jan,62,29-Oct,70
2,371,1212,W,D,D,3273,05-Nov,07-Jan,63,29-Oct,70
2,372,1220,D,D,D,3321,#DIV/0!,07-Jan,#DIV/0!,29-Oct,70
2,374,1230,W,D,D,3381,09-Nov,07-Jan,59,29-Oct,70
2,6,1019,W,W,D,2118,#DIV/0!,08-Jan,#DIV/0!,29-Oct,71
2,32,1042,W,D,D,2253,#DIV/0!,08-Jan,#DIV/0!,29-Oct,71
2,32,1043,W,D,D,2259,#DIV/0!,08-Jan,#DIV/0!,29-Oct,71
2,39A,1066,W,D,D,2397,#DIV/0!,08-Jan,#DIV/0!,29-Oct,71
2,39B,1072,W,W,W,2436,06-Nov,08-Jan,63,29-Oct,71
2,39B,1073,W,D,D,2439,#DIV/0!,08-Jan,#DIV/0!,29-Oct,71
2,39B,1073,W,W,D,2442,06-Nov,08-Jan,63,29-Oct,71
2,39B,1074,W,D,W,2445,02-Nov,08-Jan,67,29-Oct,71
2,39B,1075,D,D,W,2451,#DIV/0!,08-Jan,#DIV/0!,29-Oct,71
2,57,1119,D,D,D,2715,#DIV/0!,08-Jan,#DIV/0!,29-Oct,71
2,153,1137,D,W,D,2826,09-Nov,08-Jan,60,29-Oct,71
2,166,1156,W,D,D,2937,05-Nov,08-Jan,64,29-Oct,71
2,166,1159,D,D,W,2955,06-Nov,08-Jan,63,29-Oct,71
2,172,1179,D,D,W,3075,06-Nov,08-Jan,63,29-Oct,71
2,371,1212,W,D,W,3273,05-Nov,08-Jan,64,29-Oct,71
2,374,1232,D,W,W,3396,05-Nov,08-Jan,64,29-Oct,71
2,6,1018,W,W,D,2112,06-Nov,09-Jan,64,29-Oct,72
2,6,1020,W,D,D,2121,05-Nov,09-Jan,65,29-Oct,72
2,32,1043,W,W,D,2262,#DIV/0!,09-Jan,#DIV/0!,29-Oct,72
2,38,1060,W,D,W,2361,06-Nov,09-Jan,64,29-Oct,72
2,39A,1067,W,D,W,2403,#DIV/0!,09-Jan,#DIV/0!,29-Oct,72
2,39A,1069,D,W,D,2418,03-Nov,09-Jan,67,29-Oct,72
2,41,1084,W,D,D,2505,08-Nov,09-Jan,62,29-Oct,72
2,49,1092,W,D,D,2553,#DIV/0!,09-Jan,#DIV/0!,29-Oct,72
2,51,1097,W,W,D,2586,02-Nov,09-Jan,68,29-Oct,72
2,51,1101,D,W,D,2610,#DIV/0!,09-Jan,#DIV/0!,29-Oct,72
2,57,1115,W,D,W,2691,#DIV/0!,09-Jan,#DIV/0!,29-Oct,72
2,148,1123,D,W,W,2742,12-Nov,09-Jan,58,29-Oct,72
2,148,1124,D,D,W,2745,12-Nov,09-Jan,58,29-Oct,72
2,153,1132,W,W,W,2796,09-Nov,09-Jan,61,29-Oct,72
2,153,1135,D,W,W,2814,06-Nov,09-Jan,64,29-Oct,72
2,155,1145,W,W,D,2874,05-Nov,09-Jan,65,29-Oct,72
2,164,1155,D,D,D,2931,08-Nov,09-Jan,62,29-Oct,72
2,166,1158,W,D,D,2949,09-Nov,09-Jan,61,29-Oct,72
2,166,1158,W,W,D,2952,07-Nov,09-Jan,63,29-Oct,72
2,166,1161,D,W,D,2970,06-Nov,09-Jan,64,29-Oct,72
2,167,1163,W,D,W,2979,07-Nov,09-Jan,63,29-Oct,72
2,170,1168,W,W,D,3012,06-Nov,09-Jan,64,29-Oct,72
2,170,1172,D,D,W,3033,05-Nov,09-Jan,65,29-Oct,72
2,172,1177,D,D,W,3063,04-Nov,09-Jan,66,29-Oct,72
2,349,1207,D,W,D,3246,08-Nov,09-Jan,62,29-Oct,72
2,349,1209,D,W,W,3258,07-Nov,09-Jan,63,29-Oct,72
2,372,1221,D,W,D,3330,05-Nov,09-Jan,65,29-Oct,72
2,374,1228,W,D,W,3369,05-Nov,09-Jan,65,29-Oct,72
2,374,1230,W,W,D,3384,07-Nov,09-Jan,63,29-Oct,72
2,374,1233,D,D,D,3399,03-Nov,09-Jan,67,29-Oct,72
2,375,1236,W,D,W,3417,#DIV/0!,09-Jan,#DIV/0!,29-Oct,72
2,1,1002,W,D,D,2013,06-Nov,10-Jan,65,29-Oct,73
2,1,1004,D,W,W,2028,05-Nov,10-Jan,66,29-Oct,73
2,3,1006,W,D,D,2037,07-Nov,10-Jan,64,29-Oct,73
2,3,1007,W,D,D,2043,05-Nov,10-Jan,66,29-Oct,73
2,4,1016,D,D,D,2097,#DIV/0!,10-Jan,#DIV/0!,29-Oct,73
2,6,1022,D,D,D,2133,05-Nov,10-Jan,66,29-Oct,73
2,6,1023,D,W,D,2142,05-Nov,10-Jan,66,29-Oct,73
2,32,1044,W,W,D,2268,02-Nov,10-Jan,69,29-Oct,73
2,32,1047,D,W,D,2286,02-Nov,10-Jan,69,29-Oct,73
2,38,1062,W,D,D,2373,#DIV/0!,10-Jan,#DIV/0!,29-Oct,73
2,39A,1066,W,D,W,2397,#DIV/0!,10-Jan,#DIV/0!,29-Oct,73
2,39B,1072,W,W,D,2436,06-Nov,10-Jan,65,29-Oct,73
2,40,1080,W,D,D,2481,#DIV/0!,10-Jan,#DIV/0!,29-Oct,73
2,41,1087,D,D,D,2523,#DIV/0!,10-Jan,#DIV/0!,29-Oct,73
2,49,1090,W,W,D,2544,06-Nov,10-Jan,65,29-Oct,73
2,49,1094,D,D,D,2565,05-Nov,10-Jan,66,29-Oct,73
2,51,1098,W,D,D,2589,02-Nov,10-Jan,69,29-Oct,73
2,54,1108,W,D,W,2649,#DIV/0!,10-Jan,#DIV/0!,29-Oct,73
2,148,1121,W,D,W,2727,10-Nov,10-Jan,61,29-Oct,73
2,153,1134,W,D,W,2805,#DIV/0!,10-Jan,#DIV/0!,29-Oct,73
2,154,1139,W,D,W,2835,#DIV/0!,10-Jan,#DIV/0!,29-Oct,73
2,154,1142,D,D,W,2853,02-Nov,10-Jan,69,29-Oct,73
2,155,1144,W,D,D,2865,05-Nov,10-Jan,66,29-Oct,73
2,155,1146,W,W,D,2880,#DIV/0!,10-Jan,#DIV/0!,29-Oct,73
2,164,1150,W,W,D,2904,11-Nov,10-Jan,60,29-Oct,73
2,166,1159,D,D,D,2955,06-Nov,10-Jan,65,29-Oct,73
2,166,1159,D,W,D,2958,07-Nov,10-Jan,64,29-Oct,73
2,167,1164,W,D,D,2985,06-Nov,10-Jan,65,29-Oct,73
2,167,1165,D,D,D,2991,05-Nov,10-Jan,66,29-Oct,73
2,170,1169,W,D,W,3015,05-Nov,10-Jan,66,29-Oct,73
2,172,1174,W,D,W,3045,05-Nov,10-Jan,66,29-Oct,73
2,172,1175,W,D,W,3051,05-Nov,10-Jan,66,29-Oct,73
2,172,1175,W,W,D,3054,09-Nov,10-Jan,62,29-Oct,73
2,172,1177,D,D,D,3063,04-Nov,10-Jan,67,29-Oct,73
2,172,1177,D,W,D,3066,05-Nov,10-Jan,66,29-Oct,73
2,344,1197,D,W,W,3186,05-Nov,10-Jan,66,29-Oct,73
2,345,1203,D,D,D,3219,05-Nov,10-Jan,66,29-Oct,73
2,349,1208,D,W,W,3252,06-Nov,10-Jan,65,29-Oct,73
2,371,1213,D,D,W,3279,05-Nov,10-Jan,66,29-Oct,73
2,374,1228,W,W,W,3372,09-Nov,10-Jan,62,29-Oct,73
2,374,1232,D,D,D,3393,11-Nov,10-Jan,60,29-Oct,73
2,375,1235,W,D,D,3411,#DIV/0!,10-Jan,#DIV/0!,29-Oct,73
2,375,1237,D,D,D,3423,02-Nov,10-Jan,69,29-Oct,73
2,1,1004,D,W,D,2028,05-Nov,11-Jan,67,29-Oct,74
2,4,1017,D,W,D,2106,#DIV/0!,11-Jan,#DIV/0!,29-Oct,74
2,6,1020,W,W,D,2124,02-Nov,11-Jan,70,29-Oct,74
2,32,1045,D,D,D,2271,31-Oct,11-Jan,72,29-Oct,74
2,32,1047,D,W,W,2286,02-Nov,11-Jan,70,29-Oct,74
2,35,1048,W,D,D,2289,02-Nov,11-Jan,70,29-Oct,74
2,37,1055,W,W,D,2334,05-Nov,11-Jan,67,29-Oct,74
2,38,1061,W,D,W,2367,06-Nov,11-Jan,66,29-Oct,74
2,39A,1067,W,W,W,2406,09-Nov,11-Jan,63,29-Oct,74
2,39A,1071,D,W,W,2430,05-Nov,11-Jan,67,29-Oct,74
2,39B,1074,W,D,D,2445,02-Nov,11-Jan,70,29-Oct,74
2,39B,1077,D,W,W,2466,08-Nov,11-Jan,64,29-Oct,74
2,49,1092,W,D,W,2553,#DIV/0!,11-Jan,#DIV/0!,29-Oct,74
2,49,1095,D,W,D,2574,04-Nov,11-Jan,68,29-Oct,74
2,57,1114,W,W,D,2688,05-Nov,11-Jan,67,29-Oct,74
2,148,1123,D,D,D,2739,05-Nov,11-Jan,67,29-Oct,74
2,152,1127,W,D,D,2763,06-Nov,11-Jan,66,29-Oct,74
2,152,1128,W,D,D,2769,06-Nov,11-Jan,66,29-Oct,74
2,164,1153,D,W,D,2922,07-Nov,11-Jan,65,29-Oct,74
2,166,1157,W,D,D,2943,07-Nov,11-Jan,65,29-Oct,74
2,166,1157,W,D,W,2943,07-Nov,11-Jan,65,29-Oct,74
2,166,1157,W,W,W,2946,08-Nov,11-Jan,64,29-Oct,74
2,166,1159,D,W,W,2958,07-Nov,11-Jan,65,29-Oct,74
2,170,1169,W,W,W,3018,07-Nov,11-Jan,65,29-Oct,74
2,170,1170,W,W,D,3024,05-Nov,11-Jan,67,29-Oct,74
2,170,1170,W,W,W,3024,05-Nov,11-Jan,67,29-Oct,74
2,343,1190,D,D,W,3141,08-Nov,11-Jan,64,29-Oct,74
2,349,1208,D,D,D,3249,11-Nov,11-Jan,61,29-Oct,74
2,349,1209,D,D,W,3255,05-Nov,11-Jan,67,29-Oct,74
2,371,1212,W,W,W,3276,05-Nov,11-Jan,67,29-Oct,74
2,371,1213,D,W,D,3282,07-Nov,11-Jan,65,29-Oct,74
2,373,1226,D,D,W,3357,05-Nov,11-Jan,67,29-Oct,74
2,374,1231,D,W,D,3390,09-Nov,11-Jan,63,29-Oct,74
2,375,1234,W,D,D,3405,02-Nov,11-Jan,70,29-Oct,74
2,1,1000,W,D,D,2001,06-Nov,12-Jan,67,29-Oct,75
2,1,1000,W,D,W,2001,06-Nov,12-Jan,67,29-Oct,75
2,1,1000,W,W,D,2004,05-Nov,12-Jan,68,29-Oct,75
2,4,1015,D,D,D,2091,#DIV/0!,12-Jan,#DIV/0!,29-Oct,75
2,32,1046,D,D,D,2277,#DIV/0!,12-Jan,#DIV/0!,29-Oct,75
2,32,1046,D,W,D,2280,01-Nov,12-Jan,72,29-Oct,75
2,35,1053,D,W,D,2322,05-Nov,12-Jan,68,29-Oct,75
2,37,1056,W,W,W,2340,04-Nov,12-Jan,69,29-Oct,75
2,38,1060,W,W,D,2364,06-Nov,12-Jan,67,29-Oct,75
2,38,1064,D,W,D,2388,06-Nov,12-Jan,67,29-Oct,75
2,38,1065,D,D,D,2391,05-Nov,12-Jan,68,29-Oct,75
2,39B,1073,W,W,W,2442,06-Nov,12-Jan,67,29-Oct,75
2,39B,1076,D,W,W,2460,06-Nov,12-Jan,67,29-Oct,75
2,40,1082,D,D,D,2493,05-Nov,12-Jan,68,29-Oct,75
2,41,1084,W,W,D,2508,05-Nov,12-Jan,68,29-Oct,75
2,49,1091,W,W,D,2550,05-Nov,12-Jan,68,29-Oct,75
2,49,1095,D,D,D,2571,#DIV/0!,12-Jan,#DIV/0!,29-Oct,75
2,51,1096,W,D,D,2577,#DIV/0!,12-Jan,#DIV/0!,29-Oct,75
2,51,1100,D,D,W,2601,02-Nov,12-Jan,71,29-Oct,75
2,51,1100,D,W,D,2604,05-Nov,12-Jan,68,29-Oct,75
2,152,1128,W,D,W,2769,06-Nov,12-Jan,67,29-Oct,75
2,153,1137,D,W,W,2826,09-Nov,12-Jan,64,29-Oct,75
2,155,1145,W,D,D,2871,#DIV/0!,12-Jan,#DIV/0!,29-Oct,75
2,164,1153,D,D,W,2919,06-Nov,12-Jan,67,29-Oct,75
2,164,1153,D,W,W,2922,07-Nov,12-Jan,66,29-Oct,75
2,166,1160,D,W,D,2964,06-Nov,12-Jan,67,29-Oct,75
2,167,1162,W,W,D,2976,11-Nov,12-Jan,62,29-Oct,75
2,167,1167,D,D,D,3003,09-Nov,12-Jan,64,29-Oct,75
2,167,1167,D,D,W,3003,09-Nov,12-Jan,64,29-Oct,75
2,170,1168,W,W,W,3012,06-Nov,12-Jan,67,29-Oct,75
2,170,1169,W,D,D,3015,05-Nov,12-Jan,68,29-Oct,75
2,170,1171,D,D,W,3027,06-Nov,12-Jan,67,29-Oct,75
2,343,1187,W,D,D,3123,05-Nov,12-Jan,68,29-Oct,75
2,344,1195,D,D,W,3171,03-Nov,12-Jan,70,29-Oct,75
2,349,1204,W,W,W,3228,06-Nov,12-Jan,67,29-Oct,75
2,349,1208,D,W,D,3252,06-Nov,12-Jan,67,29-Oct,75
2,371,1214,D,D,W,3285,06-Nov,12-Jan,67,29-Oct,75
2,371,1214,D,W,D,3288,05-Nov,12-Jan,68,29-Oct,75
2,372,1219,D,W,D,3318,06-Nov,12-Jan,67,29-Oct,75
2,372,1220,D,D,W,3321,#DIV/0!,12-Jan,#DIV/0!,29-Oct,75
2,372,1220,D,W,D,3324,05-Nov,12-Jan,68,29-Oct,75
2,374,1231,D,D,D,3387,#DIV/0!,12-Jan,#DIV/0!,29-Oct,75
2,375,1234,W,W,D,3408,05-Nov,12-Jan,68,29-Oct,75
2,375,1237,D,D,W,3423,02-Nov,12-Jan,71,29-Oct,75
2,375,1239,D,D,W,3435,#DIV/0!,12-Jan,#DIV/0!,29-Oct,75
2,1,1001,W,D,D,2007,05-Nov,13-Jan,69,29-Oct,76
2,1,1003,D,W,D,2022,05-Nov,13-Jan,69,29-Oct,76
2,1,1005,D,W,D,2034,05-Nov,13-Jan,69,29-Oct,76
2,3,1008,W,D,D,2049,08-Nov,13-Jan,66,29-Oct,76
2,4,1017,D,W,W,2106,#DIV/0!,13-Jan,#DIV/0!,29-Oct,76
2,32,1043,W,D,W,2259,#DIV/0!,13-Jan,#DIV/0!,29-Oct,76
2,35,1053,D,D,D,2319,#DIV/0!,13-Jan,#DIV/0!,29-Oct,76
2,39A,1066,W,W,W,2400,#DIV/0!,13-Jan,#DIV/0!,29-Oct,76
2,39A,1067,W,W,D,2406,09-Nov,13-Jan,65,29-Oct,76
2,39B,1076,D,D,W,2457,05-Nov,13-Jan,69,29-Oct,76
2,39B,1077,D,D,W,2463,05-Nov,13-Jan,69,29-Oct,76
2,40,1083,D,W,W,2502,06-Nov,13-Jan,68,29-Oct,76
2,41,1088,D,D,D,2529,08-Nov,13-Jan,66,29-Oct,76
2,51,1096,W,W,D,2580,#DIV/0!,13-Jan,#DIV/0!,29-Oct,76
2,51,1099,D,W,D,2598,05-Nov,13-Jan,69,29-Oct,76
2,51,1101,D,D,D,2607,02-Nov,13-Jan,72,29-Oct,76
2,57,1116,W,W,D,2700,#DIV/0!,13-Jan,#DIV/0!,29-Oct,76
2,152,1127,W,D,W,2763,06-Nov,13-Jan,68,29-Oct,76
2,154,1139,W,W,W,2838,05-Nov,13-Jan,69,29-Oct,76
2,166,1156,W,W,W,2940,10-Nov,13-Jan,64,29-Oct,76
2,166,1157,W,W,D,2946,08-Nov,13-Jan,66,29-Oct,76
2,167,1163,W,W,D,2982,09-Nov,13-Jan,65,29-Oct,76
2,167,1166,D,W,D,3000,09-Nov,13-Jan,65,29-Oct,76
2,170,1173,D,D,D,3039,06-Nov,13-Jan,68,29-Oct,76
2,172,1174,W,W,W,3048,08-Nov,13-Jan,66,29-Oct,76
2,343,1189,D,D,D,3135,10-Nov,13-Jan,64,29-Oct,76
2,343,1190,D,D,D,3141,08-Nov,13-Jan,66,29-Oct,76
2,345,1198,W,W,D,3192,06-Nov,13-Jan,68,29-Oct,76
2,349,1204,W,D,W,3225,07-Nov,13-Jan,67,29-Oct,76
2,373,1226,D,W,D,3360,08-Nov,13-Jan,66,29-Oct,76
2,374,1229,W,W,D,3378,05-Nov,13-Jan,69,29-Oct,76
2,375,1238,D,W,D,3432,02-Nov,13-Jan,72,29-Oct,76
2,1,1005,D,W,W,2034,05-Nov,14-Jan,70,29-Oct,77
2,3,1006,W,W,D,2040,05-Nov,14-Jan,70,29-Oct,77
2,4,1013,W,D,D,2079,05-Nov,14-Jan,70,29-Oct,77
2,32,1042,W,D,W,2253,#DIV/0!,14-Jan,#DIV/0!,29-Oct,77
2,35,1048,W,W,D,2292,#DIV/0!,14-Jan,#DIV/0!,29-Oct,77
2,35,1052,D,W,D,2316,05-Nov,14-Jan,70,29-Oct,77
2,39A,1070,D,D,W,2421,02-Nov,14-Jan,73,29-Oct,77
2,39B,1073,W,D,W,2439,#DIV/0!,14-Jan,#DIV/0!,29-Oct,77
2,39B,1074,W,W,D,2448,05-Nov,14-Jan,70,29-Oct,77
2,41,1089,D,D,W,2535,05-Nov,14-Jan,70,29-Oct,77
2,49,1090,W,D,W,2541,05-Nov,14-Jan,70,29-Oct,77
2,49,1091,W,D,W,2547,02-Nov,14-Jan,73,29-Oct,77
2,49,1091,W,W,W,2550,05-Nov,14-Jan,70,29-Oct,77
2,49,1093,D,D,W,2559,05-Nov,14-Jan,70,29-Oct,77
2,51,1099,D,D,D,2595,#DIV/0!,14-Jan,#DIV/0!,29-Oct,77
2,52,1102,W,W,D,2616,04-Nov,14-Jan,71,29-Oct,77
2,54,1112,D,D,D,2673,05-Nov,14-Jan,70,29-Oct,77
2,155,1145,W,D,W,2871,#DIV/0!,14-Jan,#DIV/0!,29-Oct,77
2,166,1156,W,W,D,2940,10-Nov,14-Jan,65,29-Oct,77
2,343,1188,W,D,W,3129,06-Nov,14-Jan,69,29-Oct,77
2,345,1201,D,W,D,3210,44510,14-Jan,05-Mar,29-Oct,77
2,349,1204,W,D,D,3225,07-Nov,14-Jan,68,29-Oct,77
2,349,1205,W,W,W,3234,09-Nov,14-Jan,66,29-Oct,77
2,371,1213,D,W,W,3282,07-Nov,14-Jan,68,29-Oct,77
2,372,1218,W,D,D,3309,05-Nov,14-Jan,70,29-Oct,77
2,372,1221,D,D,D,3327,06-Nov,14-Jan,69,29-Oct,77
2,373,1222,W,W,D,3336,09-Nov,14-Jan,66,29-Oct,77
2,374,1233,D,D,W,3399,03-Nov,14-Jan,72,29-Oct,77
2,375,1235,W,W,D,3414,#DIV/0!,14-Jan,#DIV/0!,29-Oct,77
2,1,1004,D,D,W,2025,05-Nov,15-Jan,71,29-Oct,78
2,3,1007,W,D,W,2043,05-Nov,15-Jan,71,29-Oct,78
2,7,1029,D,D,D,2175,02-Nov,15-Jan,74,29-Oct,78
2,32,1047,D,D,D,2283,#DIV/0!,15-Jan,#DIV/0!,29-Oct,78
2,35,1050,W,D,D,2301,02-Nov,15-Jan,74,29-Oct,78
2,35,1051,D,W,D,2310,05-Nov,15-Jan,71,29-Oct,78
2,38,1060,W,W,W,2364,06-Nov,15-Jan,70,29-Oct,78
2,41,1086,W,D,D,2517,#DIV/0!,15-Jan,#DIV/0!,29-Oct,78
2,51,1098,W,D,W,2589,02-Nov,15-Jan,74,29-Oct,78
2,51,1099,D,W,W,2598,05-Nov,15-Jan,71,29-Oct,78
2,57,1116,W,D,D,2697,#DIV/0!,15-Jan,#DIV/0!,29-Oct,78
2,57,1117,D,D,D,2703,07-Nov,15-Jan,69,29-Oct,78
2,57,1117,D,W,W,2706,08-Nov,15-Jan,68,29-Oct,78
2,57,1118,D,D,D,2709,#DIV/0!,15-Jan,#DIV/0!,29-Oct,78
2,57,1119,D,W,D,2718,07-Nov,15-Jan,69,29-Oct,78
2,152,1131,D,W,D,2790,10-Nov,15-Jan,66,29-Oct,78
2,153,1137,D,D,W,2823,07-Nov,15-Jan,69,29-Oct,78
2,155,1147,D,D,W,2883,02-Nov,15-Jan,74,29-Oct,78
2,164,1153,D,D,D,2919,06-Nov,15-Jan,70,29-Oct,78
2,164,1155,D,D,W,2931,08-Nov,15-Jan,68,29-Oct,78
2,164,1155,D,W,W,2934,10-Nov,15-Jan,66,29-Oct,78
2,166,1160,D,W,W,2964,06-Nov,15-Jan,70,29-Oct,78
2,166,1161,D,W,W,2970,06-Nov,15-Jan,70,29-Oct,78
2,167,1162,W,D,D,2973,10-Nov,15-Jan,66,29-Oct,78
2,167,1163,W,W,W,2982,09-Nov,15-Jan,67,29-Oct,78
2,167,1165,D,W,D,2994,09-Nov,15-Jan,67,29-Oct,78
2,167,1166,D,D,D,2997,08-Nov,15-Jan,68,29-Oct,78
2,170,1171,D,W,W,3030,05-Nov,15-Jan,71,29-Oct,78
2,344,1193,W,D,D,3159,12-Nov,15-Jan,64,29-Oct,78
2,344,1194,W,W,W,3168,05-Nov,15-Jan,71,29-Oct,78
2,345,1198,W,D,D,3189,04-Nov,15-Jan,72,29-Oct,78
2,345,1199,W,W,W,3198,#DIV/0!,15-Jan,#DIV/0!,29-Oct,78
2,345,1200,W,W,D,3204,05-Nov,15-Jan,71,29-Oct,78
2,349,1205,W,D,W,3231,06-Nov,15-Jan,70,29-Oct,78
2,372,1220,D,W,W,3324,05-Nov,15-Jan,71,29-Oct,78
2,372,1221,D,W,W,3330,05-Nov,15-Jan,71,29-Oct,78
2,374,1229,W,D,D,3375,06-Nov,15-Jan,70,29-Oct,78
2,374,1231,D,D,W,3387,#DIV/0!,15-Jan,#DIV/0!,29-Oct,78
2,375,1234,W,D,W,3405,02-Nov,15-Jan,74,29-Oct,78
2,375,1234,W,W,W,3408,05-Nov,15-Jan,71,29-Oct,78
2,375,1237,D,W,D,3426,#DIV/0!,15-Jan,#DIV/0!,29-Oct,78
2,1,1002,W,W,W,2016,05-Nov,16-Jan,72,29-Oct,79
2,1,1003,D,D,W,2019,#DIV/0!,16-Jan,#DIV/0!,29-Oct,79
2,1,1003,D,W,W,2022,05-Nov,16-Jan,72,29-Oct,79
2,3,1008,W,D,W,2049,08-Nov,16-Jan,69,29-Oct,79
2,3,1011,D,W,D,2070,07-Nov,16-Jan,70,29-Oct,79
2,6,1023,D,W,W,2142,05-Nov,16-Jan,72,29-Oct,79
2,7,1024,W,W,D,2148,05-Nov,16-Jan,72,29-Oct,79
2,7,1025,W,D,D,2151,#DIV/0!,16-Jan,#DIV/0!,29-Oct,79
2,7,1026,W,D,D,2157,02-Nov,16-Jan,75,29-Oct,79
2,38,1065,D,W,D,2394,15-Nov,16-Jan,62,29-Oct,79
2,39A,1068,W,W,W,2412,05-Nov,16-Jan,72,29-Oct,79
2,39A,1069,D,D,W,2415,02-Nov,16-Jan,75,29-Oct,79
2,39A,1070,D,W,D,2424,#DIV/0!,16-Jan,#DIV/0!,29-Oct,79
2,40,1078,W,W,D,2472,05-Nov,16-Jan,72,29-Oct,79
2,40,1081,D,D,D,2487,07-Nov,16-Jan,70,29-Oct,79
2,49,1094,D,W,W,2568,05-Nov,16-Jan,72,29-Oct,79
2,51,1101,D,D,W,2607,02-Nov,16-Jan,75,29-Oct,79
2,57,1118,D,D,W,2709,#DIV/0!,16-Jan,#DIV/0!,29-Oct,79
2,153,1133,W,W,D,2802,07-Nov,16-Jan,70,29-Oct,79
2,154,1139,W,W,D,2838,05-Nov,16-Jan,72,29-Oct,79
2,155,1145,W,W,W,2874,05-Nov,16-Jan,72,29-Oct,79
2,167,1165,D,D,W,2991,05-Nov,16-Jan,72,29-Oct,79
2,170,1170,W,D,W,3021,05-Nov,16-Jan,72,29-Oct,79
2,344,1192,W,D,D,3153,06-Nov,16-Jan,71,29-Oct,79
2,344,1192,W,D,W,3153,06-Nov,16-Jan,71,29-Oct,79
2,345,1199,W,D,D,3195,08-Nov,16-Jan,69,29-Oct,79
2,345,1202,D,D,W,3213,09-Nov,16-Jan,68,29-Oct,79
2,345,1203,D,D,W,3219,05-Nov,16-Jan,72,29-Oct,79
2,349,1207,D,D,D,3243,05-Nov,16-Jan,72,29-Oct,79
2,349,1207,D,W,W,3246,08-Nov,16-Jan,69,29-Oct,79
2,374,1232,D,D,W,3393,11-Nov,16-Jan,66,29-Oct,79
2,1,1002,W,D,W,2013,06-Nov,17-Jan,72,29-Oct,80
2,3,1006,W,D,W,2037,07-Nov,17-Jan,71,29-Oct,80
2,3,1010,D,W,D,2064,05-Nov,17-Jan,73,29-Oct,80
2,4,1014,W,W,D,2088,03-Nov,17-Jan,75,29-Oct,80
2,4,1017,D,D,D,2103,05-Nov,17-Jan,73,29-Oct,80
2,32,1043,W,W,W,2262,#DIV/0!,17-Jan,#DIV/0!,29-Oct,80
2,35,1050,W,W,D,2304,05-Nov,17-Jan,73,29-Oct,80
2,38,1061,W,W,D,2370,05-Nov,17-Jan,73,29-Oct,80
2,38,1062,W,D,W,2373,#DIV/0!,17-Jan,#DIV/0!,29-Oct,80
2,39A,1068,W,D,D,2409,05-Nov,17-Jan,73,29-Oct,80
2,39A,1068,W,D,W,2409,05-Nov,17-Jan,73,29-Oct,80
2,39B,1074,W,W,W,2448,05-Nov,17-Jan,73,29-Oct,80
2,39B,1075,D,W,W,2454,05-Nov,17-Jan,73,29-Oct,80
2,40,1078,W,D,D,2469,#DIV/0!,17-Jan,#DIV/0!,29-Oct,80
2,49,1095,D,W,W,2574,04-Nov,17-Jan,74,29-Oct,80
2,51,1099,D,D,W,2595,#DIV/0!,17-Jan,#DIV/0!,29-Oct,80
2,52,1103,W,W,D,2622,10-Nov,17-Jan,68,29-Oct,80
2,52,1103,W,W,W,2622,10-Nov,17-Jan,68,29-Oct,80
2,57,1116,W,W,W,2700,#DIV/0!,17-Jan,#DIV/0!,29-Oct,80
2,148,1125,D,W,D,2754,10-Nov,17-Jan,68,29-Oct,80
2,154,1138,W,W,W,2832,06-Nov,17-Jan,72,29-Oct,80
2,155,1144,W,W,W,2868,05-Nov,17-Jan,73,29-Oct,80
2,155,1149,D,D,D,2895,02-Nov,17-Jan,76,29-Oct,80
2,166,1160,D,D,W,2961,05-Nov,17-Jan,73,29-Oct,80
2,172,1177,D,W,W,3066,05-Nov,17-Jan,73,29-Oct,80
2,343,1186,W,W,D,3120,06-Nov,17-Jan,72,29-Oct,80
2,343,1190,D,W,W,3144,05-Nov,17-Jan,73,29-Oct,80
2,343,1191,D,D,W,3147,05-Nov,17-Jan,73,29-Oct,80
2,345,1202,D,D,D,3213,09-Nov,17-Jan,69,29-Oct,80
2,349,1206,W,W,D,3240,06-Nov,17-Jan,72,29-Oct,80
2,371,1214,D,W,W,3288,05-Nov,17-Jan,73,29-Oct,80
2,372,1221,D,D,W,3327,06-Nov,17-Jan,72,29-Oct,80
2,373,1225,D,W,D,3354,08-Nov,17-Jan,70,29-Oct,80
2,374,1231,D,W,W,3390,09-Nov,17-Jan,69,29-Oct,80
2,374,1233,D,W,D,3402,12-Nov,17-Jan,66,29-Oct,80
2,375,1235,W,D,W,3411,#DIV/0!,17-Jan,#DIV/0!,29-Oct,80
2,1,1001,W,W,D,2010,06-Nov,18-Jan,73,29-Oct,81
2,1,1001,W,W,W,2010,06-Nov,18-Jan,73,29-Oct,81
2,1,1005,D,D,W,2031,05-Nov,18-Jan,74,29-Oct,81
2,3,1007,W,W,W,2046,05-Nov,18-Jan,74,29-Oct,81
2,3,1010,D,W,W,2064,05-Nov,18-Jan,74,29-Oct,81
2,28,1035,D,W,D,2214,05-Nov,18-Jan,74,29-Oct,81
2,32,1047,D,D,W,2283,#DIV/0!,18-Jan,#DIV/0!,29-Oct,81
2,38,1063,D,D,D,2379,#DIV/0!,18-Jan,#DIV/0!,29-Oct,81
2,40,1081,D,W,D,2490,05-Nov,18-Jan,74,29-Oct,81
2,41,1089,D,W,D,2538,10-Nov,18-Jan,69,29-Oct,81
2,51,1096,W,W,W,2580,#DIV/0!,18-Jan,#DIV/0!,29-Oct,81
2,51,1097,W,W,W,2586,02-Nov,18-Jan,77,29-Oct,81
2,52,1104,W,D,D,2625,04-Nov,18-Jan,75,29-Oct,81
2,57,1114,W,W,W,2688,05-Nov,18-Jan,74,29-Oct,81
2,57,1117,D,W,D,2706,08-Nov,18-Jan,71,29-Oct,81
2,57,1119,D,D,W,2715,#DIV/0!,18-Jan,#DIV/0!,29-Oct,81
2,57,1119,D,W,W,2718,07-Nov,18-Jan,72,29-Oct,81
2,152,1126,W,D,W,2757,05-Nov,18-Jan,74,29-Oct,81
2,152,1126,W,W,D,2760,09-Nov,18-Jan,70,29-Oct,81
2,153,1136,D,W,W,2820,05-Nov,18-Jan,74,29-Oct,81
2,154,1141,D,W,D,2850,06-Nov,18-Jan,73,29-Oct,81
2,155,1144,W,D,W,2865,05-Nov,18-Jan,74,29-Oct,81
2,155,1146,W,D,D,2877,02-Nov,18-Jan,77,29-Oct,81
2,155,1147,D,D,D,2883,02-Nov,18-Jan,77,29-Oct,81
2,155,1147,D,W,D,2886,02-Nov,18-Jan,77,29-Oct,81
2,155,1148,D,W,D,2892,#DIV/0!,18-Jan,#DIV/0!,29-Oct,81
2,164,1151,W,D,W,2907,05-Nov,18-Jan,74,29-Oct,81
2,167,1164,W,D,W,2985,06-Nov,18-Jan,73,29-Oct,81
2,167,1164,W,W,W,2988,10-Nov,18-Jan,69,29-Oct,81
2,167,1165,D,W,W,2994,09-Nov,18-Jan,70,29-Oct,81
2,167,1167,D,W,D,3006,09-Nov,18-Jan,70,29-Oct,81
2,170,1172,D,W,W,3036,08-Nov,18-Jan,71,29-Oct,81
2,172,1174,W,D,D,3045,05-Nov,18-Jan,74,29-Oct,81
2,172,1174,W,W,D,3048,08-Nov,18-Jan,71,29-Oct,81
2,172,1178,D,W,W,3072,13-Nov,18-Jan,66,29-Oct,81
2,342,1180,W,D,D,3081,07-Nov,18-Jan,72,29-Oct,81
2,342,1185,D,D,D,3111,05-Nov,18-Jan,74,29-Oct,81
2,342,1185,D,W,D,3114,07-Nov,18-Jan,72,29-Oct,81
2,342,1185,D,W,W,3114,07-Nov,18-Jan,72,29-Oct,81
2,343,1188,W,W,D,3132,05-Nov,18-Jan,74,29-Oct,81
2,343,1191,D,W,D,3150,15-Nov,18-Jan,64,29-Oct,81
2,372,1216,W,D,D,3297,05-Nov,18-Jan,74,29-Oct,81
2,372,1216,W,W,D,3300,06-Nov,18-Jan,73,29-Oct,81
2,372,1217,W,W,D,3306,05-Nov,18-Jan,74,29-Oct,81
2,372,1219,D,D,D,3315,05-Nov,18-Jan,74,29-Oct,81
2,373,1223,W,D,D,3339,07-Nov,18-Jan,72,29-Oct,81
2,374,1229,W,W,W,3378,05-Nov,18-Jan,74,29-Oct,81
2,3,1009,D,W,D,2058,05-Nov,19-Jan,75,29-Oct,82
2,4,1015,D,D,W,2091,#DIV/0!,19-Jan,#DIV/0!,29-Oct,82
2,4,1016,D,D,W,2097,#DIV/0!,19-Jan,#DIV/0!,29-Oct,82
2,7,1027,D,W,W,2166,01-Nov,19-Jan,79,29-Oct,82
2,32,1045,D,D,W,2271,31-Oct,19-Jan,80,29-Oct,82
2,35,1049,W,D,D,2295,#DIV/0!,19-Jan,#DIV/0!,29-Oct,82
2,35,1053,D,W,W,2322,05-Nov,19-Jan,75,29-Oct,82
2,37,1054,W,D,W,2325,05-Nov,19-Jan,75,29-Oct,82
2,37,1054,W,W,D,2328,06-Nov,19-Jan,74,29-Oct,82
2,37,1058,D,D,D,2349,04-Nov,19-Jan,76,29-Oct,82
2,39A,1069,D,W,W,2418,03-Nov,19-Jan,77,29-Oct,82
2,39A,1070,D,W,W,2424,#DIV/0!,19-Jan,#DIV/0!,29-Oct,82
2,40,1079,W,D,D,2475,#DIV/0!,19-Jan,#DIV/0!,29-Oct,82
2,40,1082,D,W,W,2496,07-Nov,19-Jan,73,29-Oct,82
2,41,1084,W,D,W,2505,08-Nov,19-Jan,72,29-Oct,82
2,41,1085,W,W,D,2514,06-Nov,19-Jan,74,29-Oct,82
2,49,1092,W,W,D,2556,#DIV/0!,19-Jan,#DIV/0!,29-Oct,82
2,51,1101,D,W,W,2610,#DIV/0!,19-Jan,#DIV/0!,29-Oct,82
2,52,1104,W,W,D,2628,#DIV/0!,19-Jan,#DIV/0!,29-Oct,82
2,52,1106,D,W,D,2640,02-Nov,19-Jan,78,29-Oct,82
2,52,1107,D,D,W,2643,02-Nov,19-Jan,78,29-Oct,82
2,54,1110,W,D,D,2661,02-Nov,19-Jan,78,29-Oct,82
2,57,1116,W,D,W,2697,#DIV/0!,19-Jan,#DIV/0!,29-Oct,82
2,148,1125,D,D,D,2751,11-Nov,19-Jan,69,29-Oct,82
2,152,1130,D,D,W,2781,#DIV/0!,19-Jan,#DIV/0!,29-Oct,82
2,154,1140,W,W,W,2844,02-Nov,19-Jan,78,29-Oct,82
2,155,1148,D,D,D,2889,02-Nov,19-Jan,78,29-Oct,82
2,164,1150,W,W,W,2904,11-Nov,19-Jan,69,29-Oct,82
2,166,1158,W,W,W,2952,07-Nov,19-Jan,73,29-Oct,82
2,167,1164,W,W,D,2988,10-Nov,19-Jan,70,29-Oct,82
2,172,1178,D,W,D,3072,13-Nov,19-Jan,67,29-Oct,82
2,342,1183,D,W,D,3102,06-Nov,19-Jan,74,29-Oct,82
2,345,1198,W,W,W,3192,06-Nov,19-Jan,74,29-Oct,82
2,345,1200,W,D,D,3201,12-Nov,19-Jan,68,29-Oct,82
2,349,1205,W,W,D,3234,09-Nov,19-Jan,71,29-Oct,82
2,349,1206,W,D,W,3237,05-Nov,19-Jan,75,29-Oct,82
2,372,1219,D,W,W,3318,06-Nov,19-Jan,74,29-Oct,82
2,373,1222,W,D,W,3333,09-Nov,19-Jan,71,29-Oct,82
2,373,1227,D,W,D,3366,13-Nov,19-Jan,67,29-Oct,82
2,374,1230,W,W,W,3384,07-Nov,19-Jan,73,29-Oct,82
2,375,1238,D,W,W,3432,02-Nov,19-Jan,78,29-Oct,82
2,1,1000,W,W,W,2004,05-Nov,20-Jan,76,29-Oct,83
2,4,1012,W,W,D,2076,18-Nov,20-Jan,63,29-Oct,83
2,4,1015,D,W,D,2094,04-Nov,20-Jan,77,29-Oct,83
2,6,1019,W,W,W,2118,#DIV/0!,20-Jan,#DIV/0!,29-Oct,83
2,6,1021,D,W,D,2130,02-Nov,20-Jan,79,29-Oct,83
2,6,1022,D,W,D,2136,06-Nov,20-Jan,75,29-Oct,83
2,6,1023,D,D,W,2139,#DIV/0!,20-Jan,#DIV/0!,29-Oct,83
2,29,1039,D,D,D,2235,05-Nov,20-Jan,76,29-Oct,83
2,32,1044,W,W,W,2268,02-Nov,20-Jan,79,29-Oct,83
2,35,1048,W,W,W,2292,#DIV/0!,20-Jan,#DIV/0!,29-Oct,83
2,35,1049,W,W,D,2298,#DIV/0!,20-Jan,#DIV/0!,29-Oct,83
2,35,1050,W,W,W,2304,05-Nov,20-Jan,76,29-Oct,83
2,35,1051,D,D,D,2307,05-Nov,20-Jan,76,29-Oct,83
2,35,1052,D,D,D,2313,07-Nov,20-Jan,74,29-Oct,83
2,35,1053,D,D,W,2319,#DIV/0!,20-Jan,#DIV/0!,29-Oct,83
2,37,1055,W,D,D,2331,05-Nov,20-Jan,76,29-Oct,83
2,38,1063,D,W,D,2382,04-Nov,20-Jan,77,29-Oct,83
2,38,1064,D,W,W,2388,06-Nov,20-Jan,75,29-Oct,83
2,39A,1068,W,W,D,2412,05-Nov,20-Jan,76,29-Oct,83
2,40,1083,D,D,W,2499,07-Nov,20-Jan,74,29-Oct,83
2,49,1090,W,W,W,2544,06-Nov,20-Jan,75,29-Oct,83
2,51,1097,W,D,D,2583,02-Nov,20-Jan,79,29-Oct,83
2,52,1102,W,W,W,2616,04-Nov,20-Jan,77,29-Oct,83
2,148,1123,D,W,D,2742,12-Nov,20-Jan,69,29-Oct,83
2,152,1126,W,D,D,2757,05-Nov,20-Jan,76,29-Oct,83
2,152,1127,W,W,D,2766,14-Nov,20-Jan,67,29-Oct,83
2,152,1130,D,W,D,2784,07-Nov,20-Jan,74,29-Oct,83
2,155,1144,W,W,D,2868,05-Nov,20-Jan,76,29-Oct,83
2,155,1146,W,W,W,2880,#DIV/0!,20-Jan,#DIV/0!,29-Oct,83
2,155,1149,D,D,W,2895,02-Nov,20-Jan,79,29-Oct,83
2,166,1158,W,D,W,2949,09-Nov,20-Jan,72,29-Oct,83
2,343,1187,W,W,W,3126,06-Nov,20-Jan,75,29-Oct,83
2,344,1193,W,D,W,3159,12-Nov,20-Jan,69,29-Oct,83
2,372,1217,W,W,W,3306,05-Nov,20-Jan,76,29-Oct,83
2,372,1218,W,D,W,3309,05-Nov,20-Jan,76,29-Oct,83
2,372,1218,W,W,D,3312,05-Nov,20-Jan,76,29-Oct,83
2,373,1227,D,W,W,3366,13-Nov,20-Jan,68,29-Oct,83
2,1,1001,W,D,W,2007,05-Nov,21-Jan,77,29-Oct,84
2,3,1009,D,D,D,2055,06-Nov,21-Jan,76,29-Oct,84
2,4,1013,W,W,D,2082,02-Nov,21-Jan,80,29-Oct,84
2,6,1020,W,W,W,2124,02-Nov,21-Jan,80,29-Oct,84
2,7,1024,W,D,W,2145,#DIV/0!,21-Jan,#DIV/0!,29-Oct,84
2,7,1026,W,W,D,2160,02-Nov,21-Jan,80,29-Oct,84
2,7,1027,D,D,D,2163,02-Nov,21-Jan,80,29-Oct,84
2,29,1037,W,W,D,2226,05-Nov,21-Jan,77,29-Oct,84
2,32,1042,W,W,D,2256,#DIV/0!,21-Jan,#DIV/0!,29-Oct,84
2,35,1051,D,D,W,2307,05-Nov,21-Jan,77,29-Oct,84
2,35,1051,D,W,W,2310,05-Nov,21-Jan,77,29-Oct,84
2,37,1056,W,D,D,2337,05-Nov,21-Jan,77,29-Oct,84
2,37,1056,W,W,D,2340,04-Nov,21-Jan,78,29-Oct,84
2,38,1064,D,D,D,2385,#DIV/0!,21-Jan,#DIV/0!,29-Oct,84
2,41,1085,W,W,W,2514,06-Nov,21-Jan,76,29-Oct,84
2,51,1096,W,D,W,2577,#DIV/0!,21-Jan,#DIV/0!,29-Oct,84
2,51,1098,W,W,D,2592,05-Nov,21-Jan,77,29-Oct,84
2,52,1107,D,D,D,2643,02-Nov,21-Jan,80,29-Oct,84
2,54,1111,D,D,D,2667,#DIV/0!,21-Jan,#DIV/0!,29-Oct,84
2,148,1125,D,D,W,2751,11-Nov,21-Jan,71,29-Oct,84
2,153,1137,D,D,D,2823,07-Nov,21-Jan,75,29-Oct,84
2,155,1146,W,D,W,2877,02-Nov,21-Jan,80,29-Oct,84
2,343,1187,W,W,D,3126,06-Nov,21-Jan,76,29-Oct,84
2,345,1200,W,W,W,3204,05-Nov,21-Jan,77,29-Oct,84
2,372,1219,D,D,W,3315,05-Nov,21-Jan,77,29-Oct,84
2,373,1222,W,D,D,3333,09-Nov,21-Jan,73,29-Oct,84
2,3,1008,W,W,W,2052,05-Nov,22-Jan,78,29-Oct,85
2,4,1015,D,W,W,2094,04-Nov,22-Jan,79,29-Oct,85
2,4,1016,D,W,D,2100,11-Nov,22-Jan,72,29-Oct,85
2,4,1017,D,D,W,2103,05-Nov,22-Jan,78,29-Oct,85
2,6,1023,D,D,D,2139,#DIV/0!,22-Jan,#DIV/0!,29-Oct,85
2,7,1028,D,W,D,2172,01-Nov,22-Jan,82,29-Oct,85
2,28,1030,W,D,D,2181,04-Nov,22-Jan,79,29-Oct,85
2,28,1031,W,D,D,2187,06-Nov,22-Jan,77,29-Oct,85
2,29,1036,W,W,D,2220,08-Nov,22-Jan,75,29-Oct,85
2,32,1042,W,W,W,2256,#DIV/0!,22-Jan,#DIV/0!,29-Oct,85
2,32,1046,D,D,W,2277,#DIV/0!,22-Jan,#DIV/0!,29-Oct,85
2,37,1057,D,W,W,2346,04-Nov,22-Jan,79,29-Oct,85
2,38,1061,W,W,W,2370,05-Nov,22-Jan,78,29-Oct,85
2,40,1083,D,W,D,2502,06-Nov,22-Jan,77,29-Oct,85
2,41,1086,W,W,D,2520,08-Nov,22-Jan,75,29-Oct,85
2,41,1088,D,W,D,2532,08-Nov,22-Jan,75,29-Oct,85
2,49,1095,D,D,W,2571,#DIV/0!,22-Jan,#DIV/0!,29-Oct,85
2,54,1112,D,W,D,2676,#DIV/0!,22-Jan,#DIV/0!,29-Oct,85
2,148,1122,W,D,W,2733,18-Nov,22-Jan,65,29-Oct,85
2,148,1122,W,W,W,2736,10-Nov,22-Jan,73,29-Oct,85
2,170,1173,D,D,W,3039,06-Nov,22-Jan,77,29-Oct,85
2,342,1180,W,D,W,3081,07-Nov,22-Jan,76,29-Oct,85
2,343,1186,W,W,W,3120,06-Nov,22-Jan,77,29-Oct,85
2,343,1187,W,D,W,3123,05-Nov,22-Jan,78,29-Oct,85
2,345,1200,W,D,W,3201,12-Nov,22-Jan,71,29-Oct,85
2,372,1217,W,D,D,3303,22-Nov,22-Jan,61,29-Oct,85
2,373,1226,D,W,W,3360,08-Nov,22-Jan,75,29-Oct,85
2,374,1229,W,D,W,3375,06-Nov,22-Jan,77,29-Oct,85
2,374,1230,W,D,W,3381,09-Nov,22-Jan,74,29-Oct,85
2,375,1237,D,W,W,3426,#DIV/0!,22-Jan,#DIV/0!,29-Oct,85
1,372,1217,W,W,W,3305,25-Aug,23-Jan,151,15-Aug,-204
2,3,1006,W,W,W,2040,05-Nov,23-Jan,79,29-Oct,86
2,4,1014,W,W,W,2088,03-Nov,23-Jan,81,29-Oct,86
2,7,1025,W,D,W,2151,#DIV/0!,23-Jan,#DIV/0!,29-Oct,86
2,32,1046,D,W,W,2280,01-Nov,23-Jan,83,29-Oct,86
2,35,1052,D,D,W,2313,07-Nov,23-Jan,77,29-Oct,86
2,37,1059,D,D,D,2355,#DIV/0!,23-Jan,#DIV/0!,29-Oct,86
2,38,1064,D,D,W,2385,#DIV/0!,23-Jan,#DIV/0!,29-Oct,86
2,41,1085,W,D,D,2511,06-Nov,23-Jan,78,29-Oct,86
2,41,1086,W,W,W,2520,08-Nov,23-Jan,76,29-Oct,86
2,41,1088,D,D,W,2529,08-Nov,23-Jan,76,29-Oct,86
2,51,1100,D,W,W,2604,05-Nov,23-Jan,79,29-Oct,86
2,52,1104,W,W,W,2628,#DIV/0!,23-Jan,#DIV/0!,29-Oct,86
2,52,1105,D,D,D,2631,#DIV/0!,23-Jan,#DIV/0!,29-Oct,86
2,52,1105,D,D,W,2631,#DIV/0!,23-Jan,#DIV/0!,29-Oct,86
2,52,1105,D,W,D,2634,02-Nov,23-Jan,82,29-Oct,86
2,155,1149,D,W,W,2898,04-Nov,23-Jan,80,29-Oct,86
2,342,1184,D,D,W,3105,05-Nov,23-Jan,79,29-Oct,86
2,344,1196,D,W,D,3180,07-Nov,23-Jan,77,29-Oct,86
2,345,1201,D,W,W,3210,44510,23-Jan,14-Mar,29-Oct,86
2,345,1202,D,W,W,3216,05-Nov,23-Jan,79,29-Oct,86
2,349,1204,W,W,D,3228,06-Nov,23-Jan,78,29-Oct,86
2,349,1206,W,W,W,3240,06-Nov,23-Jan,78,29-Oct,86
2,371,1213,D,D,D,3279,05-Nov,23-Jan,79,29-Oct,86
2,372,1216,W,D,W,3297,05-Nov,23-Jan,79,29-Oct,86
2,374,1233,D,W,W,3402,12-Nov,23-Jan,72,29-Oct,86
2,375,1235,W,W,W,3414,#DIV/0!,23-Jan,#DIV/0!,29-Oct,86
2,3,1009,D,D,W,2055,06-Nov,24-Jan,79,29-Oct,87
2,6,1018,W,D,W,2109,02-Nov,24-Jan,83,29-Oct,87
2,6,1021,D,D,W,2127,02-Nov,24-Jan,83,29-Oct,87
2,37,1054,W,D,D,2325,05-Nov,24-Jan,80,29-Oct,87
2,37,1059,D,W,D,2358,08-Nov,24-Jan,77,29-Oct,87
2,40,1078,W,W,W,2472,05-Nov,24-Jan,80,29-Oct,87
2,41,1088,D,W,W,2532,08-Nov,24-Jan,77,29-Oct,87
2,49,1093,D,W,D,2562,06-Nov,24-Jan,79,29-Oct,87
2,51,1097,W,D,W,2583,02-Nov,24-Jan,83,29-Oct,87
2,52,1104,W,D,W,2625,04-Nov,24-Jan,81,29-Oct,87
2,52,1107,D,W,D,2646,05-Nov,24-Jan,80,29-Oct,87
2,54,1113,D,D,D,2679,05-Nov,24-Jan,80,29-Oct,87
2,148,1121,W,W,D,2730,14-Nov,24-Jan,71,29-Oct,87
2,154,1141,D,W,W,2850,06-Nov,24-Jan,79,29-Oct,87
2,155,1148,D,W,W,2892,#DIV/0!,24-Jan,#DIV/0!,29-Oct,87
2,155,1149,D,W,D,2898,04-Nov,24-Jan,81,29-Oct,87
2,167,1162,W,D,W,2973,10-Nov,24-Jan,75,29-Oct,87
2,172,1176,W,D,D,3057,10-Nov,24-Jan,75,29-Oct,87
2,342,1184,D,W,D,3108,06-Nov,24-Jan,79,29-Oct,87
2,342,1185,D,D,W,3111,05-Nov,24-Jan,80,29-Oct,87
2,343,1190,D,W,D,3144,05-Nov,24-Jan,80,29-Oct,87
2,345,1198,W,D,W,3189,04-Nov,24-Jan,81,29-Oct,87
2,349,1207,D,D,W,3243,05-Nov,24-Jan,80,29-Oct,87
2,373,1224,W,D,D,3345,07-Nov,24-Jan,78,29-Oct,87
2,6,1022,D,W,W,2136,06-Nov,25-Jan,80,29-Oct,88
2,7,1027,D,W,D,2166,01-Nov,25-Jan,85,29-Oct,88
2,35,1049,W,W,W,2298,#DIV/0!,25-Jan,#DIV/0!,29-Oct,88
2,38,1065,D,D,W,2391,05-Nov,25-Jan,81,29-Oct,88
2,40,1083,D,D,D,2499,07-Nov,25-Jan,79,29-Oct,88
2,41,1084,W,W,W,2508,05-Nov,25-Jan,81,29-Oct,88
2,41,1087,D,D,W,2523,#DIV/0!,25-Jan,#DIV/0!,29-Oct,88
2,167,1166,D,D,W,2997,08-Nov,25-Jan,78,29-Oct,88
2,167,1166,D,W,W,3000,09-Nov,25-Jan,77,29-Oct,88
2,373,1223,W,W,W,3342,10-Nov,25-Jan,76,29-Oct,88
2,4,1016,D,W,W,2100,11-Nov,26-Jan,76,29-Oct,89
2,6,1022,D,D,W,2133,05-Nov,26-Jan,78,29-Oct,89
2,7,1026,W,D,W,2157,02-Nov,26-Jan,85,29-Oct,89
2,29,1036,W,W,W,2220,08-Nov,26-Jan,79,29-Oct,89
2,29,1037,W,D,D,2223,06-Nov,26-Jan,81,29-Oct,89
2,35,1052,D,W,W,2316,05-Nov,26-Jan,82,29-Oct,89
2,37,1057,D,W,D,2346,04-Nov,26-Jan,83,29-Oct,89
2,38,1062,W,W,D,2376,09-Nov,26-Jan,78,29-Oct,89
2,38,1063,D,W,W,2382,04-Nov,26-Jan,83,29-Oct,89
2,41,1085,W,D,W,2511,06-Nov,26-Jan,81,29-Oct,89
2,41,1087,D,W,D,2526,06-Nov,26-Jan,81,29-Oct,89
2,49,1094,D,D,W,2565,05-Nov,26-Jan,82,29-Oct,89
2,51,1098,W,W,W,2592,05-Nov,26-Jan,82,29-Oct,89
2,52,1102,W,D,W,2613,05-Nov,26-Jan,82,29-Oct,89
2,52,1103,W,D,D,2619,05-Nov,26-Jan,82,29-Oct,89
2,57,1117,D,D,W,2703,07-Nov,26-Jan,80,29-Oct,89
2,148,1123,D,D,W,2739,05-Nov,26-Jan,82,29-Oct,89
2,152,1129,D,W,D,2778,12-Nov,26-Jan,75,29-Oct,89
2,167,1167,D,W,W,3006,09-Nov,26-Jan,78,29-Oct,89
2,172,1176,W,D,W,3057,10-Nov,26-Jan,77,29-Oct,89
2,344,1196,D,W,W,3180,07-Nov,26-Jan,80,29-Oct,89
2,375,1239,D,W,W,3438,,26-Jan,,29-Oct,89
2,35,1048,W,D,W,2289,02-Nov,29-Jan,88,29-Oct,92
1,164,1151,W,D,D,2906,24-Aug,10-Oct,47,15-Aug,56
1,153,1133,W,W,D,2801,24-Aug,11-Oct,48,15-Aug,57
1,164,1150,W,W,D,2903,23-Aug,12-Oct,50,15-Aug,58
1,164,1152,W,D,D,2912,23-Aug,12-Oct,50,15-Aug,58
1,166,1156,W,D,W,2936,23-Aug,12-Oct,50,15-Aug,58
1,153,1135,D,W,D,2813,30-Aug,13-Oct,44,15-Aug,59
1,154,1139,W,D,D,2834,23-Aug,13-Oct,51,15-Aug,59
1,164,1150,W,D,D,2900,24-Aug,13-Oct,50,15-Aug,59
1,164,1150,W,W,W,2903,23-Aug,13-Oct,51,15-Aug,59
1,166,1160,D,W,D,2963,22-Aug,13-Oct,52,15-Aug,59
1,153,1133,W,W,W,2801,24-Aug,14-Oct,51,15-Aug,60
1,154,1139,W,W,W,2837,23-Aug,14-Oct,52,15-Aug,60
1,164,1152,W,W,D,2915,24-Aug,14-Oct,51,15-Aug,60
1,164,1154,D,W,D,2927,24-Aug,14-Oct,51,15-Aug,60
1,166,1160,D,W,W,2963,22-Aug,14-Oct,53,15-Aug,60
1,164,1150,W,D,W,2900,24-Aug,15-Oct,52,15-Aug,61
1,164,1151,W,D,W,2906,24-Aug,15-Oct,52,15-Aug,61
1,164,1151,W,W,D,2909,25-Aug,15-Oct,51,15-Aug,61
1,164,1152,W,W,W,2915,24-Aug,15-Oct,52,15-Aug,61
1,164,1153,D,W,D,2921,27-Aug,15-Oct,49,15-Aug,61
1,166,1156,W,W,W,2939,23-Aug,15-Oct,53,15-Aug,61
1,153,1132,W,W,D,2795,24-Aug,16-Oct,53,15-Aug,62
1,154,1139,W,D,W,2834,23-Aug,16-Oct,54,15-Aug,62
1,154,1140,W,W,D,2843,23-Aug,16-Oct,54,15-Aug,62
1,164,1153,D,D,D,2918,26-Aug,16-Oct,51,15-Aug,62
1,164,1154,D,W,W,2927,24-Aug,16-Oct,53,15-Aug,62
1,166,1156,W,W,D,2939,23-Aug,16-Oct,54,15-Aug,62
1,166,1157,W,D,D,2942,24-Aug,16-Oct,53,15-Aug,62
1,166,1159,D,D,D,2954,23-Aug,16-Oct,54,15-Aug,62
1,170,1169,W,D,D,3014,26-Aug,16-Oct,51,15-Aug,62
1,6,1020,W,D,D,2120,22-Aug,17-Oct,56,15-Aug,63
1,38,1060,W,W,D,2363,21-Aug,17-Oct,57,15-Aug,63
1,51,1098,W,D,D,2588,21-Aug,17-Oct,57,15-Aug,63
1,153,1133,W,D,D,2798,25-Aug,17-Oct,53,15-Aug,63
1,154,1138,W,W,D,2831,,17-Oct,44486,15-Aug,63
1,154,1141,D,W,D,2849,24-Aug,17-Oct,54,15-Aug,63
1,164,1152,W,D,W,2912,23-Aug,17-Oct,55,15-Aug,63
1,164,1153,D,W,W,2921,27-Aug,17-Oct,51,15-Aug,63
1,164,1155,D,W,D,2933,26-Aug,17-Oct,52,15-Aug,63
1,166,1156,W,D,D,2936,23-Aug,17-Oct,55,15-Aug,63
1,39A,1071,D,D,W,2426,27-Aug,18-Oct,52,15-Aug,64
1,153,1133,W,D,W,2798,25-Aug,18-Oct,54,15-Aug,64
1,153,1134,W,D,D,2804,25-Aug,18-Oct,54,15-Aug,64
1,155,1144,W,D,D,2864,23-Aug,18-Oct,56,15-Aug,64
1,155,1145,W,D,W,2870,23-Aug,18-Oct,56,15-Aug,64
1,155,1145,W,W,W,2873,23-Aug,18-Oct,56,15-Aug,64
1,166,1159,D,D,W,2954,23-Aug,18-Oct,56,15-Aug,64
1,166,1161,D,W,W,2969,22-Aug,18-Oct,57,15-Aug,64
1,170,1168,W,D,D,3008,25-Aug,18-Oct,54,15-Aug,64
1,170,1171,D,D,D,3026,27-Aug,18-Oct,52,15-Aug,64
1,172,1178,D,D,D,3068,28-Aug,18-Oct,51,15-Aug,64
1,6,1020,W,W,D,2123,22-Aug,19-Oct,58,15-Aug,65
1,39A,1066,W,D,D,2396,22-Aug,19-Oct,58,15-Aug,65
1,39A,1067,W,D,W,2402,23-Aug,19-Oct,57,15-Aug,65
1,39B,1072,W,W,D,2435,24-Aug,19-Oct,56,15-Aug,65
1,39B,1075,D,W,D,2453,44433,19-Oct,55,15-Aug,65
1,49,1094,D,D,W,2564,23-Aug,19-Oct,57,15-Aug,65
1,148,1121,W,D,D,2726,27-Aug,19-Oct,53,15-Aug,65
1,152,1130,D,D,W,2780,23-Aug,19-Oct,57,15-Aug,65
1,153,1132,W,W,W,2795,24-Aug,19-Oct,56,15-Aug,65
1,153,1134,W,W,D,2807,25-Aug,19-Oct,55,15-Aug,65
1,153,1135,D,D,D,2810,27-Aug,19-Oct,53,15-Aug,65
1,154,1142,D,W,D,2855,23-Aug,19-Oct,57,15-Aug,65
1,155,1144,W,W,D,2867,23-Aug,19-Oct,57,15-Aug,65
1,166,1161,D,W,D,2969,22-Aug,19-Oct,58,15-Aug,65
1,170,1169,W,W,D,3017,25-Aug,19-Oct,55,15-Aug,65
1,4,1015,D,D,D,2090,22-Aug,20-Oct,59,15-Aug,66
1,6,1018,W,W,D,2111,22-Aug,20-Oct,59,15-Aug,66
1,6,1023,D,W,W,2141,22-Aug,20-Oct,59,15-Aug,66
1,37,1056,W,W,D,2339,23-Aug,20-Oct,58,15-Aug,66
1,38,1060,W,W,W,2363,21-Aug,20-Oct,60,15-Aug,66
1,39B,1076,D,D,D,2456,25-Aug,20-Oct,56,15-Aug,66
1,49,1093,D,D,D,2558,25-Aug,20-Oct,56,15-Aug,66
1,49,1094,D,D,D,2564,23-Aug,20-Oct,58,15-Aug,66
1,51,1101,D,W,W,2609,23-Aug,20-Oct,58,15-Aug,66
1,148,1121,W,D,W,2726,27-Aug,20-Oct,54,15-Aug,66
1,148,1122,W,D,D,2732,30-Aug,20-Oct,51,15-Aug,66
1,153,1132,W,D,W,2792,26-Aug,20-Oct,55,15-Aug,66
1,153,1137,D,W,W,2825,25-Aug,20-Oct,56,15-Aug,66
1,154,1138,W,W,W,2831,,20-Oct,44489,15-Aug,66
1,155,1144,W,D,W,2864,23-Aug,20-Oct,58,15-Aug,66
1,155,1145,W,W,D,2873,23-Aug,20-Oct,58,15-Aug,66
1,155,1146,W,W,D,2879,23-Aug,20-Oct,58,15-Aug,66
1,164,1153,D,D,W,2918,26-Aug,20-Oct,55,15-Aug,66
1,166,1157,W,D,W,2942,24-Aug,20-Oct,57,15-Aug,66
1,166,1158,W,W,D,2951,24-Aug,20-Oct,57,15-Aug,66
1,166,1160,D,D,D,2960,23-Aug,20-Oct,58,15-Aug,66
1,167,1162,W,W,D,2975,25-Aug,20-Oct,56,15-Aug,66
1,167,1164,W,W,D,2987,26-Aug,20-Oct,55,15-Aug,66
1,170,1172,D,D,D,3032,26-Aug,20-Oct,55,15-Aug,66
1,172,1178,D,W,D,3071,30-Aug,20-Oct,51,15-Aug,66
1,371,1211,W,D,W,3266,30-Aug,20-Oct,51,15-Aug,66
1,38,1061,W,D,D,2366,27-Aug,21-Oct,55,15-Aug,67
1,39B,1073,W,W,D,2441,24-Aug,21-Oct,58,15-Aug,67
1,39B,1074,W,D,D,2444,23-Aug,21-Oct,59,15-Aug,67
1,52,1103,W,D,D,2618,22-Aug,21-Oct,60,15-Aug,67
1,52,1103,W,W,W,2621,22-Aug,21-Oct,60,15-Aug,67
1,57,1116,W,W,D,2699,22-Aug,21-Oct,60,15-Aug,67
1,154,1139,W,W,D,2837,23-Aug,21-Oct,59,15-Aug,67
1,166,1158,W,W,W,2951,24-Aug,21-Oct,58,15-Aug,67
1,172,1174,W,W,D,3047,28-Aug,21-Oct,54,15-Aug,67
1,172,1178,D,D,W,3068,28-Aug,21-Oct,54,15-Aug,67
1,375,1236,W,D,W,3416,26-Aug,21-Oct,56,15-Aug,67
1,6,1023,D,W,D,2141,22-Aug,22-Oct,61,15-Aug,68
1,32,1043,W,W,D,2261,22-Aug,22-Oct,61,15-Aug,68
1,37,1056,W,W,W,2339,23-Aug,22-Oct,60,15-Aug,68
1,37,1057,D,W,D,2345,23-Aug,22-Oct,60,15-Aug,68
1,38,1060,W,D,D,2360,25-Aug,22-Oct,58,15-Aug,68
1,39A,1067,W,W,D,2405,23-Aug,22-Oct,60,15-Aug,68
1,39A,1069,D,W,W,2417,25-Aug,22-Oct,58,15-Aug,68
1,39A,1070,D,D,D,2420,28-Aug,22-Oct,55,15-Aug,68
1,39A,1071,D,W,D,2429,23-Aug,22-Oct,60,15-Aug,68
1,39A,1071,D,W,W,2429,23-Aug,22-Oct,60,15-Aug,68
1,39B,1072,W,D,D,2432,23-Aug,22-Oct,60,15-Aug,68
1,39B,1074,W,D,W,2444,23-Aug,22-Oct,60,15-Aug,68
1,39B,1075,D,D,D,2450,23-Aug,22-Oct,60,15-Aug,68
1,39B,1075,D,D,W,2450,23-Aug,22-Oct,60,15-Aug,68
1,49,1094,D,W,D,2567,24-Aug,22-Oct,59,15-Aug,68
1,51,1096,W,W,D,2579,21-Aug,22-Oct,62,15-Aug,68
1,54,1110,W,D,D,2660,22-Aug,22-Oct,61,15-Aug,68
1,54,1112,D,D,D,2672,24-Aug,22-Oct,59,15-Aug,68
1,148,1123,D,D,D,2738,24-Aug,22-Oct,59,15-Aug,68
1,152,1128,W,D,D,2768,23-Aug,22-Oct,60,15-Aug,68
1,153,1134,W,D,W,2804,25-Aug,22-Oct,58,15-Aug,68
1,153,1137,D,W,D,2825,25-Aug,22-Oct,58,15-Aug,68
1,154,1141,D,W,W,2849,24-Aug,22-Oct,59,15-Aug,68
1,155,1144,W,W,W,2867,23-Aug,22-Oct,60,15-Aug,68
1,155,1147,D,D,W,2882,23-Aug,22-Oct,60,15-Aug,68
1,164,1151,W,W,W,2909,25-Aug,22-Oct,58,15-Aug,68
1,164,1155,D,W,W,2933,26-Aug,22-Oct,57,15-Aug,68
1,166,1157,W,W,D,2945,23-Aug,22-Oct,60,15-Aug,68
1,166,1158,W,D,W,2948,26-Aug,22-Oct,57,15-Aug,68
1,166,1159,D,W,D,2957,23-Aug,22-Oct,60,15-Aug,68
1,166,1161,D,D,D,2966,23-Aug,22-Oct,60,15-Aug,68
1,166,1161,D,D,W,2966,23-Aug,22-Oct,60,15-Aug,68
1,167,1167,D,D,D,3002,27-Aug,22-Oct,56,15-Aug,68
1,170,1171,D,W,W,3029,26-Aug,22-Oct,57,15-Aug,68
1,371,1213,D,D,D,3278,26-Aug,22-Oct,57,15-Aug,68
1,375,1236,W,D,D,3416,26-Aug,22-Oct,57,15-Aug,68
1,1,1002,W,W,D,2015,22-Aug,23-Oct,62,15-Aug,69
1,1,1003,D,D,D,2018,23-Aug,23-Oct,61,15-Aug,69
1,6,1019,W,W,D,2117,22-Aug,23-Oct,62,15-Aug,69
1,28,1030,W,W,D,2183,23-Aug,23-Oct,61,15-Aug,69
1,39A,1068,W,D,D,2408,23-Aug,23-Oct,61,15-Aug,69
1,39B,1072,W,D,W,2432,23-Aug,23-Oct,61,15-Aug,69
1,39B,1074,W,W,D,2447,23-Aug,23-Oct,61,15-Aug,69
1,39B,1076,D,W,D,2459,29-Aug,23-Oct,55,15-Aug,69
1,41,1084,W,D,D,2504,24-Aug,23-Oct,60,15-Aug,69
1,49,1094,D,W,W,2567,24-Aug,23-Oct,60,15-Aug,69
1,51,1098,W,D,W,2588,21-Aug,23-Oct,63,15-Aug,69
1,51,1100,D,D,D,2600,22-Aug,23-Oct,62,15-Aug,69
1,51,1100,D,D,W,2600,22-Aug,23-Oct,62,15-Aug,69
1,51,1101,D,D,W,2606,22-Aug,23-Oct,62,15-Aug,69
1,51,1101,D,W,D,2609,23-Aug,23-Oct,61,15-Aug,69
1,52,1104,W,D,D,2624,21-Aug,23-Oct,63,15-Aug,69
1,52,1104,W,W,D,2627,22-Aug,23-Oct,62,15-Aug,69
1,57,1115,W,D,D,2690,22-Aug,23-Oct,62,15-Aug,69
1,57,1119,D,D,W,2714,27-Aug,23-Oct,57,15-Aug,69
1,148,1124,D,D,D,2744,27-Aug,23-Oct,57,15-Aug,69
1,153,1132,W,D,D,2792,26-Aug,23-Oct,58,15-Aug,69
1,154,1140,W,W,W,2843,23-Aug,23-Oct,61,15-Aug,69
1,155,1146,W,D,D,2876,22-Aug,23-Oct,62,15-Aug,69
1,155,1147,D,D,D,2882,23-Aug,23-Oct,61,15-Aug,69
1,164,1155,D,D,D,2930,27-Aug,23-Oct,57,15-Aug,69
1,164,1155,D,D,W,2930,27-Aug,23-Oct,57,15-Aug,69
1,166,1157,W,W,W,2945,23-Aug,23-Oct,61,15-Aug,69
1,166,1160,D,D,W,2960,23-Aug,23-Oct,61,15-Aug,69
1,167,1162,W,W,W,2975,25-Aug,23-Oct,59,15-Aug,69
1,167,1165,D,W,W,2993,25-Aug,23-Oct,59,15-Aug,69
1,167,1166,D,W,W,2999,26-Aug,23-Oct,58,15-Aug,69
1,167,1167,D,D,W,3002,27-Aug,23-Oct,57,15-Aug,69
1,167,1167,D,W,D,3005,25-Aug,23-Oct,59,15-Aug,69
1,167,1167,D,W,W,3005,25-Aug,23-Oct,59,15-Aug,69
1,170,1169,W,D,W,3014,26-Aug,23-Oct,58,15-Aug,69
1,371,1211,W,D,D,3266,30-Aug,23-Oct,54,15-Aug,69
1,371,1212,W,D,D,3272,26-Aug,23-Oct,58,15-Aug,69
1,1,1001,W,D,D,2006,22-Aug,24-Oct,63,15-Aug,70
1,1,1002,W,D,D,2012,22-Aug,24-Oct,63,15-Aug,70
1,1,1004,D,W,D,2027,23-Aug,24-Oct,62,15-Aug,70
1,6,1020,W,W,W,2123,22-Aug,24-Oct,63,15-Aug,70
1,28,1035,D,D,W,2210,23-Aug,24-Oct,62,15-Aug,70
1,38,1062,W,D,D,2372,29-Aug,24-Oct,56,15-Aug,70
1,39A,1066,W,D,W,2396,22-Aug,24-Oct,63,15-Aug,70
1,39A,1071,D,D,D,2426,27-Aug,24-Oct,58,15-Aug,70
1,39B,1072,W,W,W,2435,24-Aug,24-Oct,61,15-Aug,70
1,52,1102,W,D,D,2612,23-Aug,24-Oct,62,15-Aug,70
1,52,1106,D,D,D,2636,24-Aug,24-Oct,61,15-Aug,70
1,54,1108,W,D,D,2648,21-Aug,24-Oct,64,15-Aug,70
1,57,1118,D,D,W,2708,23-Aug,24-Oct,62,15-Aug,70
1,152,1130,D,D,D,2780,23-Aug,24-Oct,62,15-Aug,70
1,154,1142,D,D,W,2852,23-Aug,24-Oct,62,15-Aug,70
1,154,1142,D,W,W,2855,23-Aug,24-Oct,62,15-Aug,70
1,166,1159,D,W,W,2957,23-Aug,24-Oct,62,15-Aug,70
1,167,1162,W,D,D,2972,24-Aug,24-Oct,61,15-Aug,70
1,167,1162,W,D,W,2972,24-Aug,24-Oct,61,15-Aug,70
1,167,1163,W,D,D,2978,25-Aug,24-Oct,60,15-Aug,70
1,167,1165,D,W,D,2993,25-Aug,24-Oct,60,15-Aug,70
1,167,1166,D,D,W,2996,24-Aug,24-Oct,61,15-Aug,70
1,170,1170,W,W,D,3023,25-Aug,24-Oct,60,15-Aug,70
1,170,1170,W,W,W,3023,25-Aug,24-Oct,60,15-Aug,70
1,170,1171,D,D,W,3026,27-Aug,24-Oct,58,15-Aug,70
1,170,1172,D,W,W,3035,28-Aug,24-Oct,57,15-Aug,70
1,172,1178,D,W,W,3071,30-Aug,24-Oct,55,15-Aug,70
1,343,1186,W,D,W,3116,27-Aug,24-Oct,58,15-Aug,70
1,343,1189,D,D,W,3134,28-Aug,24-Oct,57,15-Aug,70
1,344,1197,D,D,D,3182,27-Aug,24-Oct,58,15-Aug,70
1,344,1197,D,W,D,3185,29-Aug,24-Oct,56,15-Aug,70
1,371,1210,W,W,W,3263,25-Aug,24-Oct,60,15-Aug,70
1,373,1226,D,W,W,3359,31-Aug,24-Oct,54,15-Aug,70
1,1,1000,W,D,D,2000,21-Aug,25-Oct,65,15-Aug,71
1,4,1012,W,W,D,2075,24-Aug,25-Oct,62,15-Aug,71
1,6,1019,W,W,W,2117,22-Aug,25-Oct,64,15-Aug,71
1,6,1020,W,D,W,2120,22-Aug,25-Oct,64,15-Aug,71
1,6,1021,D,D,D,2126,22-Aug,25-Oct,64,15-Aug,71
1,7,1027,D,W,D,2165,22-Aug,25-Oct,64,15-Aug,71
1,7,1028,D,W,D,2171,22-Aug,25-Oct,64,15-Aug,71
1,28,1034,D,D,D,2204,22-Aug,25-Oct,64,15-Aug,71
1,32,1047,D,W,D,2285,26-Aug,25-Oct,60,15-Aug,71
1,38,1064,D,W,W,2387,23-Aug,25-Oct,63,15-Aug,71
1,39A,1067,W,D,D,2402,23-Aug,25-Oct,63,15-Aug,71
1,39A,1069,D,D,D,2414,22-Aug,25-Oct,64,15-Aug,71
1,39A,1069,D,W,D,2417,25-Aug,25-Oct,61,15-Aug,71
1,39B,1073,W,W,W,2441,24-Aug,25-Oct,62,15-Aug,71
1,39B,1075,D,W,W,2453,44433,25-Oct,61,15-Aug,71
1,40,1082,D,W,W,2495,22-Aug,25-Oct,64,15-Aug,71
1,41,1086,W,D,W,2516,22-Aug,25-Oct,64,15-Aug,71
1,49,1093,D,W,W,2561,23-Aug,25-Oct,63,15-Aug,71
1,51,1101,D,D,D,2606,22-Aug,25-Oct,64,15-Aug,71
1,52,1104,W,D,W,2624,21-Aug,25-Oct,65,15-Aug,71
1,153,1134,W,W,W,2807,25-Aug,25-Oct,61,15-Aug,71
1,153,1136,D,W,D,2819,30-Aug,25-Oct,56,15-Aug,71
1,154,1142,D,D,D,2852,23-Aug,25-Oct,63,15-Aug,71
1,155,1145,W,D,D,2870,23-Aug,25-Oct,63,15-Aug,71
1,166,1158,W,D,D,2948,26-Aug,25-Oct,60,15-Aug,71
1,167,1165,D,D,W,2990,25-Aug,25-Oct,61,15-Aug,71
1,167,1166,D,W,D,2999,26-Aug,25-Oct,60,15-Aug,71
1,170,1171,D,W,D,3029,26-Aug,25-Oct,60,15-Aug,71
1,172,1174,W,D,D,3044,27-Aug,25-Oct,59,15-Aug,71
1,371,1214,D,D,W,3284,28-Aug,25-Oct,58,15-Aug,71
1,373,1226,D,D,D,3356,30-Aug,25-Oct,56,15-Aug,71
1,3,1007,W,W,D,2045,23-Aug,26-Oct,64,15-Aug,72
1,3,1008,W,D,D,2048,24-Aug,26-Oct,63,15-Aug,72
1,4,1014,W,D,D,2084,23-Aug,26-Oct,64,15-Aug,72
1,6,1022,D,W,D,2135,22-Aug,26-Oct,65,15-Aug,72
1,6,1023,D,D,D,2138,23-Aug,26-Oct,64,15-Aug,72
1,7,1029,D,D,D,2174,22-Aug,26-Oct,65,15-Aug,72
1,37,1057,D,W,W,2345,23-Aug,26-Oct,64,15-Aug,72
1,38,1061,W,D,W,2366,27-Aug,26-Oct,60,15-Aug,72
1,38,1062,W,W,W,2375,25-Aug,26-Oct,62,15-Aug,72
1,39A,1066,W,W,D,2399,44430,26-Oct,65,15-Aug,72
1,39A,1070,D,W,W,2423,25-Aug,26-Oct,62,15-Aug,72
1,49,1095,D,W,D,2573,25-Aug,26-Oct,62,15-Aug,72
1,51,1099,D,W,D,2597,22-Aug,26-Oct,65,15-Aug,72
1,52,1102,W,W,D,2615,22-Aug,26-Oct,65,15-Aug,72
1,52,1104,W,W,W,2627,22-Aug,26-Oct,65,15-Aug,72
1,148,1123,D,W,D,2741,04-Sep,26-Oct,52,15-Aug,72
1,148,1124,D,W,D,2747,27-Aug,26-Oct,60,15-Aug,72
1,152,1128,W,W,D,2771,23-Aug,26-Oct,64,15-Aug,72
1,153,1136,D,D,W,2816,28-Aug,26-Oct,59,15-Aug,72
1,155,1146,W,D,W,2876,22-Aug,26-Oct,65,15-Aug,72
1,155,1146,W,W,W,2879,23-Aug,26-Oct,64,15-Aug,72
1,167,1164,W,W,W,2987,26-Aug,26-Oct,61,15-Aug,72
1,342,1185,D,D,D,3110,27-Aug,26-Oct,60,15-Aug,72
1,344,1197,D,W,W,3185,29-Aug,26-Oct,58,15-Aug,72
1,349,1204,W,D,D,3224,02-Sep,26-Oct,54,15-Aug,72
1,371,1215,D,W,W,3293,29-Aug,26-Oct,58,15-Aug,72
1,374,1228,W,W,D,3371,27-Aug,26-Oct,60,15-Aug,72
1,375,1237,D,D,D,3422,26-Aug,26-Oct,61,15-Aug,72
1,1,1005,D,W,D,2033,23-Aug,27-Oct,65,15-Aug,73
1,4,1013,W,W,D,2081,23-Aug,27-Oct,65,15-Aug,73
1,6,1021,D,W,D,2129,22-Aug,27-Oct,66,15-Aug,73
1,7,1026,W,D,D,2156,22-Aug,27-Oct,66,15-Aug,73
1,7,1029,D,W,D,2177,22-Aug,27-Oct,66,15-Aug,73
1,28,1032,W,D,D,2192,23-Aug,27-Oct,65,15-Aug,73
1,28,1035,D,D,D,2210,23-Aug,27-Oct,65,15-Aug,73
1,29,1036,W,W,D,2219,23-Aug,27-Oct,65,15-Aug,73
1,29,1038,W,W,D,2231,23-Aug,27-Oct,65,15-Aug,73
1,29,1041,D,D,D,2246,23-Aug,27-Oct,65,15-Aug,73
1,32,1046,D,D,D,2276,22-Aug,27-Oct,66,15-Aug,73
1,35,1050,W,D,D,2300,23-Aug,27-Oct,65,15-Aug,73
1,37,1056,W,D,D,2336,23-Aug,27-Oct,65,15-Aug,73
1,37,1058,D,D,D,2348,24-Aug,27-Oct,64,15-Aug,73
1,38,1061,W,W,D,2369,23-Aug,27-Oct,65,15-Aug,73
1,38,1062,W,W,D,2375,25-Aug,27-Oct,63,15-Aug,73
1,38,1064,D,W,D,2387,23-Aug,27-Oct,65,15-Aug,73
1,39A,1066,W,W,W,2399,44430,27-Oct,66,15-Aug,73
1,39A,1067,W,W,W,2405,23-Aug,27-Oct,65,15-Aug,73
1,39A,1070,D,W,D,2423,25-Aug,27-Oct,63,15-Aug,73
1,39B,1077,D,D,D,2462,27-Aug,27-Oct,61,15-Aug,73
1,39B,1077,D,W,D,2465,24-Aug,27-Oct,64,15-Aug,73
1,49,1091,W,D,W,2546,24-Aug,27-Oct,64,15-Aug,73
1,49,1092,W,D,W,2552,24-Aug,27-Oct,64,15-Aug,73
1,51,1096,W,D,D,2576,22-Aug,27-Oct,66,15-Aug,73
1,51,1097,W,W,D,2585,22-Aug,27-Oct,66,15-Aug,73
1,51,1097,W,W,W,2585,22-Aug,27-Oct,66,15-Aug,73
1,51,1099,D,D,D,2594,21-Aug,27-Oct,67,15-Aug,73
1,52,1105,D,D,D,2630,22-Aug,27-Oct,66,15-Aug,73
1,148,1122,W,W,D,2735,01-Sep,27-Oct,56,15-Aug,73
1,148,1123,D,W,W,2741,04-Sep,27-Oct,53,15-Aug,73
1,152,1131,D,W,D,2789,23-Aug,27-Oct,65,15-Aug,73
1,167,1164,W,D,W,2984,24-Aug,27-Oct,64,15-Aug,73
1,170,1170,W,D,D,3020,25-Aug,27-Oct,63,15-Aug,73
1,170,1172,D,D,W,3032,26-Aug,27-Oct,62,15-Aug,73
1,172,1177,D,D,D,3062,30-Aug,27-Oct,58,15-Aug,73
1,172,1179,D,W,D,3077,04-Sep,27-Oct,53,15-Aug,73
1,342,1184,D,D,D,3104,29-Aug,27-Oct,59,15-Aug,73
1,344,1195,D,D,W,3170,27-Aug,27-Oct,61,15-Aug,73
1,345,1202,D,W,W,3215,02-Sep,27-Oct,55,15-Aug,73
1,371,1212,W,D,W,3272,26-Aug,27-Oct,62,15-Aug,73
1,371,1213,D,D,W,3278,26-Aug,27-Oct,62,15-Aug,73
1,371,1214,D,W,D,3287,29-Aug,27-Oct,59,15-Aug,73
1,372,1220,D,D,D,3320,26-Aug,27-Oct,62,15-Aug,73
1,373,1225,D,W,D,3353,29-Aug,27-Oct,59,15-Aug,73
1,375,1234,W,D,D,3404,26-Aug,27-Oct,62,15-Aug,73
1,375,1237,D,D,W,3422,26-Aug,27-Oct,62,15-Aug,73
1,375,1238,D,D,D,3428,28-Aug,27-Oct,60,15-Aug,73
1,375,1239,D,D,D,3434,26-Aug,27-Oct,62,15-Aug,73
1,1,1000,W,W,W,2003,22-Aug,28-Oct,67,15-Aug,74
1,1,1003,D,W,D,2021,22-Aug,28-Oct,67,15-Aug,74
1,3,1006,W,W,D,2039,22-Aug,28-Oct,67,15-Aug,74
1,3,1009,D,D,D,2054,23-Aug,28-Oct,66,15-Aug,74
1,4,1013,W,D,D,2078,24-Aug,28-Oct,65,15-Aug,74
1,4,1016,D,D,D,2096,22-Aug,28-Oct,67,15-Aug,74
1,4,1017,D,D,D,2102,22-Aug,28-Oct,67,15-Aug,74
1,6,1018,W,D,D,2108,22-Aug,28-Oct,67,15-Aug,74
1,6,1021,D,W,W,2129,22-Aug,28-Oct,67,15-Aug,74
1,6,1022,D,D,D,2132,23-Aug,28-Oct,66,15-Aug,74
1,6,1022,D,D,W,2132,23-Aug,28-Oct,66,15-Aug,74
1,7,1026,W,W,D,2159,22-Aug,28-Oct,67,15-Aug,74
1,28,1031,W,W,D,2189,23-Aug,28-Oct,66,15-Aug,74
1,29,1040,D,W,D,2243,24-Aug,28-Oct,65,15-Aug,74
1,32,1043,W,W,W,2261,22-Aug,28-Oct,67,15-Aug,74
1,32,1046,D,W,D,2279,22-Aug,28-Oct,67,15-Aug,74
1,35,1053,D,D,D,2318,23-Aug,28-Oct,66,15-Aug,74
1,37,1055,W,D,W,2330,22-Aug,28-Oct,67,15-Aug,74
1,39A,1069,D,D,W,2414,22-Aug,28-Oct,67,15-Aug,74
1,49,1093,D,D,W,2558,25-Aug,28-Oct,64,15-Aug,74
1,49,1095,D,D,W,2570,22-Aug,28-Oct,67,15-Aug,74
1,51,1096,W,W,W,2579,21-Aug,28-Oct,68,15-Aug,74
1,52,1102,W,W,W,2615,22-Aug,28-Oct,67,15-Aug,74
1,152,1130,D,W,D,2783,23-Aug,28-Oct,66,15-Aug,74
1,152,1131,D,D,D,2786,23-Aug,28-Oct,66,15-Aug,74
1,152,1131,D,D,W,2786,23-Aug,28-Oct,66,15-Aug,74
1,167,1165,D,D,D,2990,25-Aug,28-Oct,64,15-Aug,74
1,167,1166,D,D,D,2996,24-Aug,28-Oct,65,15-Aug,74
1,170,1172,D,W,D,3035,28-Aug,28-Oct,61,15-Aug,74
1,172,1174,W,W,W,3047,28-Aug,28-Oct,61,15-Aug,74
1,342,1184,D,D,W,3104,29-Aug,28-Oct,60,15-Aug,74
1,342,1185,D,D,W,3110,27-Aug,28-Oct,62,15-Aug,74
1,343,1189,D,D,D,3134,28-Aug,28-Oct,61,15-Aug,74
1,344,1193,W,W,D,3161,30-Aug,28-Oct,59,15-Aug,74
1,345,1200,W,D,D,3200,01-Sep,28-Oct,57,15-Aug,74
1,345,1202,D,W,D,3215,02-Sep,28-Oct,56,15-Aug,74
1,345,1203,D,D,D,3218,10-Sep,28-Oct,48,15-Aug,74
1,349,1205,W,D,D,3230,28-Aug,28-Oct,61,15-Aug,74
1,349,1209,D,W,D,3257,29-Aug,28-Oct,60,15-Aug,74
1,371,1211,W,W,D,3269,26-Aug,28-Oct,63,15-Aug,74
1,371,1212,W,W,W,3275,28-Aug,28-Oct,61,15-Aug,74
1,372,1217,W,D,W,3302,25-Aug,28-Oct,64,15-Aug,74
1,372,1221,D,D,D,3326,26-Aug,28-Oct,63,15-Aug,74
1,373,1226,D,W,D,3359,31-Aug,28-Oct,58,15-Aug,74
1,374,1229,W,D,W,3374,25-Aug,28-Oct,64,15-Aug,74
1,374,1231,D,D,D,3386,27-Aug,28-Oct,62,15-Aug,74
1,375,1235,W,D,D,3410,27-Aug,28-Oct,62,15-Aug,74
1,375,1239,D,D,W,3434,26-Aug,28-Oct,63,15-Aug,74
1,1,1000,W,D,W,2000,21-Aug,29-Oct,69,15-Aug,75
1,1,1001,W,D,W,2006,22-Aug,29-Oct,68,15-Aug,75
1,1,1001,W,W,D,2009,23-Aug,29-Oct,67,15-Aug,75
1,1,1003,D,D,W,2018,23-Aug,29-Oct,67,15-Aug,75
1,1,1005,D,D,D,2030,22-Aug,29-Oct,68,15-Aug,75
1,3,1006,W,D,D,2036,24-Aug,29-Oct,66,15-Aug,75
1,3,1007,W,D,D,2042,23-Aug,29-Oct,67,15-Aug,75
1,3,1007,W,D,W,2042,23-Aug,29-Oct,67,15-Aug,75
1,3,1011,D,W,D,2069,25-Aug,29-Oct,65,15-Aug,75
1,3,1011,D,W,W,2069,25-Aug,29-Oct,65,15-Aug,75
1,4,1013,W,W,W,2081,23-Aug,29-Oct,67,15-Aug,75
1,4,1015,D,D,W,2090,22-Aug,29-Oct,68,15-Aug,75
1,6,1021,D,D,W,2126,22-Aug,29-Oct,68,15-Aug,75
1,6,1022,D,W,W,2135,22-Aug,29-Oct,68,15-Aug,75
1,7,1027,D,D,D,2162,22-Aug,29-Oct,68,15-Aug,75
1,7,1028,D,D,D,2168,22-Aug,29-Oct,68,15-Aug,75
1,7,1029,D,W,W,2177,22-Aug,29-Oct,68,15-Aug,75
1,28,1032,W,D,W,2192,23-Aug,29-Oct,67,15-Aug,75
1,28,1033,D,D,D,2198,22-Aug,29-Oct,68,15-Aug,75
1,32,1042,W,D,W,2252,22-Aug,29-Oct,68,15-Aug,75
1,32,1043,W,D,D,2258,23-Aug,29-Oct,67,15-Aug,75
1,32,1044,W,W,D,2267,23-Aug,29-Oct,67,15-Aug,75
1,35,1048,W,D,D,2288,23-Aug,29-Oct,67,15-Aug,75
1,35,1048,W,W,D,2291,22-Aug,29-Oct,68,15-Aug,75
1,37,1054,W,D,D,2324,24-Aug,29-Oct,66,15-Aug,75
1,37,1057,D,D,D,2342,23-Aug,29-Oct,67,15-Aug,75
1,39B,1074,W,W,W,2447,23-Aug,29-Oct,67,15-Aug,75
1,39B,1076,D,W,W,2459,29-Aug,29-Oct,61,15-Aug,75
1,40,1080,W,D,D,2480,23-Aug,29-Oct,67,15-Aug,75
1,41,1086,W,W,D,2519,23-Aug,29-Oct,67,15-Aug,75
1,49,1095,D,W,W,2573,25-Aug,29-Oct,65,15-Aug,75
1,51,1097,W,D,D,2582,22-Aug,29-Oct,68,15-Aug,75
1,51,1097,W,D,W,2582,22-Aug,29-Oct,68,15-Aug,75
1,52,1102,W,D,W,2612,23-Aug,29-Oct,67,15-Aug,75
1,52,1105,D,W,D,2633,22-Aug,29-Oct,68,15-Aug,75
1,52,1106,D,D,W,2636,24-Aug,29-Oct,66,15-Aug,75
1,57,1119,D,D,D,2714,27-Aug,29-Oct,63,15-Aug,75
1,148,1122,W,W,W,2735,01-Sep,29-Oct,58,15-Aug,75
1,155,1148,D,D,D,2888,23-Aug,29-Oct,67,15-Aug,75
1,155,1148,D,W,D,2891,22-Aug,29-Oct,68,15-Aug,75
1,167,1163,W,W,W,2981,26-Aug,29-Oct,64,15-Aug,75
1,170,1168,W,W,D,3011,24-Aug,29-Oct,66,15-Aug,75
1,170,1173,D,W,W,3041,31-Aug,29-Oct,59,15-Aug,75
1,349,1207,D,W,D,3245,27-Aug,29-Oct,63,15-Aug,75
1,349,1209,D,D,D,3254,29-Aug,29-Oct,61,15-Aug,75
1,371,1210,W,W,D,3263,25-Aug,29-Oct,65,15-Aug,75
1,372,1221,D,W,W,3329,27-Aug,29-Oct,63,15-Aug,75
1,373,1225,D,W,W,3353,29-Aug,29-Oct,61,15-Aug,75
1,3,1008,W,W,D,2051,22-Aug,30-Oct,69,15-Aug,76
1,3,1009,D,W,D,2057,23-Aug,30-Oct,68,15-Aug,76
1,3,1010,D,D,D,2060,26-Aug,30-Oct,65,15-Aug,76
1,3,1010,D,W,D,2063,23-Aug,30-Oct,68,15-Aug,76
1,3,1011,D,D,D,2066,26-Aug,30-Oct,65,15-Aug,76
1,4,1014,W,D,W,2084,23-Aug,30-Oct,68,15-Aug,76
1,4,1016,D,W,D,2099,23-Aug,30-Oct,68,15-Aug,76
1,4,1017,D,W,D,2105,23-Aug,30-Oct,68,15-Aug,76
1,7,1024,W,D,D,2144,23-Aug,30-Oct,68,15-Aug,76
1,7,1024,W,W,D,2147,22-Aug,30-Oct,69,15-Aug,76
1,28,1030,W,W,W,2183,23-Aug,30-Oct,68,15-Aug,76
1,28,1031,W,D,D,2186,23-Aug,30-Oct,68,15-Aug,76
1,29,1037,W,W,D,2225,23-Aug,30-Oct,68,15-Aug,76
1,29,1037,W,W,W,2225,23-Aug,30-Oct,68,15-Aug,76
1,32,1043,W,D,W,2258,23-Aug,30-Oct,68,15-Aug,76
1,32,1046,D,D,W,2276,22-Aug,30-Oct,69,15-Aug,76
1,32,1047,D,D,D,2282,26-Aug,30-Oct,65,15-Aug,76
1,35,1051,D,W,D,2309,24-Aug,30-Oct,67,15-Aug,76
1,35,1052,D,W,D,2315,23-Aug,30-Oct,68,15-Aug,76
1,35,1053,D,W,D,2321,24-Aug,30-Oct,67,15-Aug,76
1,37,1055,W,W,W,2333,23-Aug,30-Oct,68,15-Aug,76
1,37,1058,D,W,D,2351,29-Aug,30-Oct,62,15-Aug,76
1,37,1059,D,D,D,2354,22-Aug,30-Oct,69,15-Aug,76
1,39A,1068,W,W,W,2411,23-Aug,30-Oct,68,15-Aug,76
1,39B,1073,W,D,D,2438,22-Aug,30-Oct,69,15-Aug,76
1,41,1084,W,D,W,2504,24-Aug,30-Oct,67,15-Aug,76
1,41,1084,W,W,W,2507,28-Aug,30-Oct,63,15-Aug,76
1,41,1086,W,D,D,2516,22-Aug,30-Oct,69,15-Aug,76
1,49,1091,W,D,D,2546,24-Aug,30-Oct,67,15-Aug,76
1,49,1091,W,W,D,2549,23-Aug,30-Oct,68,15-Aug,76
1,51,1099,D,D,W,2594,21-Aug,30-Oct,70,15-Aug,76
1,52,1107,D,D,D,2642,22-Aug,30-Oct,69,15-Aug,76
1,54,1111,D,D,W,2666,22-Aug,30-Oct,69,15-Aug,76
1,54,1111,D,W,D,2669,22-Aug,30-Oct,69,15-Aug,76
1,54,1113,D,D,D,2678,22-Aug,30-Oct,69,15-Aug,76
1,54,1113,D,D,W,2678,22-Aug,30-Oct,69,15-Aug,76
1,57,1114,W,D,D,2684,,30-Oct,44499,15-Aug,76
1,148,1122,W,D,W,2732,30-Aug,30-Oct,61,15-Aug,76
1,152,1129,D,W,D,2777,26-Aug,30-Oct,65,15-Aug,76
1,152,1131,D,W,W,2789,23-Aug,30-Oct,68,15-Aug,76
1,153,1137,D,D,D,2822,30-Aug,30-Oct,61,15-Aug,76
1,153,1137,D,D,W,2822,30-Aug,30-Oct,61,15-Aug,76
1,167,1163,W,D,W,2978,25-Aug,30-Oct,66,15-Aug,76
1,343,1190,D,W,W,3143,25-Aug,30-Oct,66,15-Aug,76
1,349,1205,W,W,D,3233,28-Aug,30-Oct,63,15-Aug,76
1,349,1209,D,D,W,3254,29-Aug,30-Oct,62,15-Aug,76
1,371,1212,W,W,D,3275,28-Aug,30-Oct,63,15-Aug,76
1,371,1214,D,D,D,3284,28-Aug,30-Oct,63,15-Aug,76
1,372,1219,D,W,W,3317,26-Aug,30-Oct,65,15-Aug,76
1,373,1227,D,D,D,3362,44440,30-Oct,59,15-Aug,76
1,374,1230,W,D,D,3380,28-Aug,30-Oct,63,15-Aug,76
1,1,1000,W,W,D,2003,22-Aug,31-Oct,70,15-Aug,77
1,1,1003,D,W,W,2021,22-Aug,31-Oct,70,15-Aug,77
1,1,1004,D,W,W,2027,23-Aug,31-Oct,69,15-Aug,77
1,1,1005,D,W,W,2033,23-Aug,31-Oct,69,15-Aug,77
1,3,1006,W,D,W,2036,24-Aug,31-Oct,68,15-Aug,77
1,3,1008,W,W,W,2051,22-Aug,31-Oct,70,15-Aug,77
1,4,1012,W,W,W,2075,24-Aug,31-Oct,68,15-Aug,77
1,6,1018,W,W,W,2111,22-Aug,31-Oct,70,15-Aug,77
1,6,1023,D,D,W,2138,23-Aug,31-Oct,69,15-Aug,77
1,7,1025,W,D,D,2150,23-Aug,31-Oct,69,15-Aug,77
1,28,1030,W,D,D,2180,23-Aug,31-Oct,69,15-Aug,77
1,28,1033,D,W,D,2201,22-Aug,31-Oct,70,15-Aug,77
1,29,1039,D,D,D,2234,23-Aug,31-Oct,69,15-Aug,77
1,32,1042,W,D,D,2252,22-Aug,31-Oct,70,15-Aug,77
1,37,1054,W,W,D,2327,24-Aug,31-Oct,68,15-Aug,77
1,38,1060,W,D,W,2360,25-Aug,31-Oct,67,15-Aug,77
1,38,1061,W,W,W,2369,23-Aug,31-Oct,69,15-Aug,77
1,38,1065,D,W,D,2393,26-Aug,31-Oct,66,15-Aug,77
1,40,1082,D,D,D,2492,24-Aug,31-Oct,68,15-Aug,77
1,49,1090,W,D,D,2540,26-Aug,31-Oct,66,15-Aug,77
1,49,1090,W,D,W,2540,26-Aug,31-Oct,66,15-Aug,77
1,49,1090,W,W,W,2543,24-Aug,31-Oct,68,15-Aug,77
1,52,1103,W,W,D,2621,22-Aug,31-Oct,70,15-Aug,77
1,52,1107,D,W,D,2645,22-Aug,31-Oct,70,15-Aug,77
1,54,1111,D,D,D,2666,22-Aug,31-Oct,70,15-Aug,77
1,54,1112,D,W,D,2675,22-Aug,31-Oct,70,15-Aug,77
1,57,1115,W,D,W,2690,22-Aug,31-Oct,70,15-Aug,77
1,148,1121,W,W,W,2729,30-Aug,31-Oct,62,15-Aug,77
1,153,1136,D,D,D,2816,28-Aug,31-Oct,64,15-Aug,77
1,155,1149,D,W,D,2897,23-Aug,31-Oct,69,15-Aug,77
1,172,1177,D,D,W,3062,30-Aug,31-Oct,62,15-Aug,77
1,172,1179,D,D,D,3074,05-Sep,31-Oct,56,15-Aug,77
1,345,1199,W,D,D,3194,05-Sep,31-Oct,56,15-Aug,77
1,345,1201,D,W,D,3209,30-Aug,31-Oct,62,15-Aug,77
1,349,1206,W,W,W,3239,27-Aug,31-Oct,65,15-Aug,77
1,371,1211,W,W,W,3269,26-Aug,31-Oct,66,15-Aug,77
1,371,1214,D,W,W,3287,29-Aug,31-Oct,63,15-Aug,77
1,372,1216,W,D,D,3296,25-Aug,31-Oct,67,15-Aug,77
1,373,1223,W,W,D,3341,31-Aug,31-Oct,61,15-Aug,77
1,373,1223,W,W,W,3341,31-Aug,31-Oct,61,15-Aug,77
1,374,1228,W,D,D,3368,27-Aug,31-Oct,65,15-Aug,77
1,374,1230,W,W,D,3383,28-Aug,31-Oct,64,15-Aug,77
1,7,1024,W,D,W,2144,23-Aug,01-Nov,70,15-Aug,78
1,7,1026,W,D,W,2156,22-Aug,01-Nov,71,15-Aug,78
1,7,1027,D,W,W,2165,22-Aug,01-Nov,71,15-Aug,78
1,28,1030,W,D,W,2180,23-Aug,01-Nov,70,15-Aug,78
1,29,1037,W,D,D,2222,23-Aug,01-Nov,70,15-Aug,78
1,29,1038,W,D,D,2228,24-Aug,01-Nov,69,15-Aug,78
1,35,1048,W,W,W,2291,22-Aug,01-Nov,71,15-Aug,78
1,35,1050,W,W,D,2303,22-Aug,01-Nov,71,15-Aug,78
1,35,1050,W,W,W,2303,22-Aug,01-Nov,71,15-Aug,78
1,35,1051,D,D,W,2306,23-Aug,01-Nov,70,15-Aug,78
1,37,1054,W,D,W,2324,24-Aug,01-Nov,69,15-Aug,78
1,37,1055,W,D,D,2330,22-Aug,01-Nov,71,15-Aug,78
1,37,1056,W,D,W,2336,23-Aug,01-Nov,70,15-Aug,78
1,38,1063,D,D,D,2378,28-Aug,01-Nov,65,15-Aug,78
1,38,1063,D,D,W,2378,28-Aug,01-Nov,65,15-Aug,78
1,38,1064,D,D,D,2384,28-Aug,01-Nov,65,15-Aug,78
1,39B,1077,D,D,W,2462,27-Aug,01-Nov,66,15-Aug,78
1,40,1080,W,D,W,2480,23-Aug,01-Nov,70,15-Aug,78
1,40,1082,D,D,W,2492,24-Aug,01-Nov,69,15-Aug,78
1,41,1087,D,W,D,2525,24-Aug,01-Nov,69,15-Aug,78
1,41,1089,D,D,W,2534,27-Aug,01-Nov,66,15-Aug,78
1,49,1092,W,W,D,2555,24-Aug,01-Nov,69,15-Aug,78
1,51,1099,D,W,W,2597,22-Aug,01-Nov,71,15-Aug,78
1,52,1106,D,W,D,2639,22-Aug,01-Nov,71,15-Aug,78
1,52,1107,D,W,W,2645,22-Aug,01-Nov,71,15-Aug,78
1,54,1108,W,D,W,2648,21-Aug,01-Nov,72,15-Aug,78
1,148,1125,D,D,D,2750,27-Aug,01-Nov,66,15-Aug,78
1,153,1136,D,W,W,2819,30-Aug,01-Nov,63,15-Aug,78
1,155,1148,D,D,W,2888,23-Aug,01-Nov,70,15-Aug,78
1,167,1163,W,W,D,2981,26-Aug,01-Nov,67,15-Aug,78
1,170,1168,W,D,W,3008,25-Aug,01-Nov,68,15-Aug,78
1,170,1169,W,W,W,3017,25-Aug,01-Nov,68,15-Aug,78
1,172,1175,W,W,D,3053,27-Aug,01-Nov,66,15-Aug,78
1,172,1177,D,W,D,3065,30-Aug,01-Nov,63,15-Aug,78
1,342,1183,D,W,D,3101,28-Aug,01-Nov,65,15-Aug,78
1,343,1190,D,D,D,3140,01-Sep,01-Nov,61,15-Aug,78
1,343,1191,D,D,W,3146,06-Sep,01-Nov,56,15-Aug,78
1,345,1198,W,W,D,3191,06-Sep,01-Nov,56,15-Aug,78
1,345,1200,W,W,W,3203,30-Aug,01-Nov,63,15-Aug,78
1,345,1201,D,W,W,3209,30-Aug,01-Nov,63,15-Aug,78
1,371,1215,D,D,D,3290,04-Sep,01-Nov,58,15-Aug,78
1,372,1220,D,D,W,3320,26-Aug,01-Nov,67,15-Aug,78
1,374,1228,W,D,W,3368,27-Aug,01-Nov,66,15-Aug,78
1,374,1232,D,D,D,3392,29-Aug,01-Nov,64,15-Aug,78
1,374,1232,D,W,D,3395,27-Aug,01-Nov,66,15-Aug,78
1,375,1234,W,W,W,3407,26-Aug,01-Nov,67,15-Aug,78
1,1,1002,W,W,W,2015,22-Aug,02-Nov,72,15-Aug,79
1,3,1007,W,W,W,2045,23-Aug,02-Nov,71,15-Aug,79
1,3,1008,W,D,W,2048,24-Aug,02-Nov,70,15-Aug,79
1,4,1013,W,D,W,2078,24-Aug,02-Nov,70,15-Aug,79
1,4,1015,D,W,D,2093,23-Aug,02-Nov,71,15-Aug,79
1,29,1036,W,D,W,2216,23-Aug,02-Nov,71,15-Aug,79
1,29,1041,D,W,D,2249,24-Aug,02-Nov,70,15-Aug,79
1,32,1042,W,W,D,2255,22-Aug,02-Nov,72,15-Aug,79
1,32,1045,D,D,D,2270,44432,02-Nov,70,15-Aug,79
1,32,1047,D,W,W,2285,26-Aug,02-Nov,68,15-Aug,79
1,35,1051,D,D,D,2306,23-Aug,02-Nov,71,15-Aug,79
1,37,1058,D,D,W,2348,24-Aug,02-Nov,70,15-Aug,79
1,37,1059,D,D,W,2354,22-Aug,02-Nov,72,15-Aug,79
1,38,1062,W,D,W,2372,29-Aug,02-Nov,65,15-Aug,79
1,39A,1068,W,W,D,2411,23-Aug,02-Nov,71,15-Aug,79
1,39A,1070,D,D,W,2420,28-Aug,02-Nov,66,15-Aug,79
1,39B,1073,W,D,W,2438,22-Aug,02-Nov,72,15-Aug,79
1,39B,1076,D,D,W,2456,25-Aug,02-Nov,69,15-Aug,79
1,39B,1077,D,W,W,2465,24-Aug,02-Nov,70,15-Aug,79
1,40,1079,W,D,D,2474,24-Aug,02-Nov,70,15-Aug,79
1,40,1083,D,D,D,2498,25-Aug,02-Nov,69,15-Aug,79
1,41,1084,W,W,D,2507,28-Aug,02-Nov,66,15-Aug,79
1,41,1087,D,D,W,2522,24-Aug,02-Nov,70,15-Aug,79
1,49,1092,W,D,D,2552,24-Aug,02-Nov,70,15-Aug,79
1,49,1095,D,D,D,2570,22-Aug,02-Nov,72,15-Aug,79
1,51,1096,W,D,W,2576,22-Aug,02-Nov,72,15-Aug,79
1,51,1100,D,W,D,2603,23-Aug,02-Nov,71,15-Aug,79
1,57,1117,D,W,D,2705,23-Aug,02-Nov,71,15-Aug,79
1,57,1117,D,W,W,2705,23-Aug,02-Nov,71,15-Aug,79
1,57,1118,D,D,D,2708,23-Aug,02-Nov,71,15-Aug,79
1,148,1120,W,W,D,2723,29-Aug,02-Nov,65,15-Aug,79
1,148,1124,D,W,W,2747,27-Aug,02-Nov,67,15-Aug,79
1,152,1128,W,D,W,2768,23-Aug,02-Nov,71,15-Aug,79
1,152,1128,W,W,W,2771,23-Aug,02-Nov,71,15-Aug,79
1,152,1130,D,W,W,2783,23-Aug,02-Nov,71,15-Aug,79
1,153,1135,D,W,W,2813,30-Aug,02-Nov,64,15-Aug,79
1,155,1147,D,W,D,2885,22-Aug,02-Nov,72,15-Aug,79
1,155,1147,D,W,W,2885,22-Aug,02-Nov,72,15-Aug,79
1,342,1180,W,D,D,3080,26-Aug,02-Nov,68,15-Aug,79
1,342,1184,D,W,D,3107,30-Aug,02-Nov,64,15-Aug,79
1,343,1187,W,D,W,3122,26-Aug,02-Nov,68,15-Aug,79
1,344,1193,W,W,W,3161,30-Aug,02-Nov,64,15-Aug,79
1,345,1198,W,W,W,3191,06-Sep,02-Nov,57,15-Aug,79
1,349,1204,W,W,D,3227,28-Aug,02-Nov,66,15-Aug,79
1,349,1205,W,W,W,3233,28-Aug,02-Nov,66,15-Aug,79
1,372,1217,W,D,D,3302,25-Aug,02-Nov,69,15-Aug,79
1,372,1219,D,D,W,3314,26-Aug,02-Nov,68,15-Aug,79
1,372,1220,D,W,D,3323,29-Aug,02-Nov,65,15-Aug,79
1,373,1222,W,W,D,3335,03-Sep,02-Nov,60,15-Aug,79
1,373,1224,W,D,D,3344,30-Aug,02-Nov,64,15-Aug,79
1,373,1226,D,D,W,3356,30-Aug,02-Nov,64,15-Aug,79
1,374,1229,W,D,D,3374,25-Aug,02-Nov,69,15-Aug,79
1,1,1001,W,W,W,2009,23-Aug,03-Nov,72,15-Aug,80
1,3,1006,W,W,W,2039,22-Aug,03-Nov,73,15-Aug,80
1,3,1009,D,W,W,2057,23-Aug,03-Nov,72,15-Aug,80
1,28,1033,D,W,W,2201,22-Aug,03-Nov,73,15-Aug,80
1,29,1039,D,W,D,2237,23-Aug,03-Nov,72,15-Aug,80
1,35,1049,W,W,D,2297,22-Aug,03-Nov,73,15-Aug,80
1,35,1052,D,D,D,2312,24-Aug,03-Nov,71,15-Aug,80
1,35,1052,D,W,W,2315,23-Aug,03-Nov,72,15-Aug,80
1,37,1054,W,W,W,2327,24-Aug,03-Nov,71,15-Aug,80
1,37,1057,D,D,W,2342,23-Aug,03-Nov,72,15-Aug,80
1,38,1064,D,D,W,2384,28-Aug,03-Nov,67,15-Aug,80
1,40,1081,D,D,D,2486,23-Aug,03-Nov,72,15-Aug,80
1,40,1081,D,W,D,2489,23-Aug,03-Nov,72,15-Aug,80
1,41,1085,W,W,D,2513,28-Aug,03-Nov,67,15-Aug,80
1,41,1088,D,D,D,2528,25-Aug,03-Nov,70,15-Aug,80
1,41,1088,D,W,D,2531,25-Aug,03-Nov,70,15-Aug,80
1,52,1105,D,D,W,2630,22-Aug,03-Nov,73,15-Aug,80
1,57,1116,W,D,D,2696,22-Aug,03-Nov,73,15-Aug,80
1,57,1117,D,D,D,2702,23-Aug,03-Nov,72,15-Aug,80
1,57,1119,D,W,D,2717,25-Aug,03-Nov,70,15-Aug,80
1,152,1127,W,W,D,2765,24-Aug,03-Nov,71,15-Aug,80
1,155,1149,D,D,D,2894,23-Aug,03-Nov,72,15-Aug,80
1,155,1149,D,D,W,2894,23-Aug,03-Nov,72,15-Aug,80
1,343,1188,W,D,D,3128,30-Aug,03-Nov,65,15-Aug,80
1,344,1192,W,D,W,3152,29-Aug,03-Nov,66,15-Aug,80
1,372,1216,W,D,W,3296,25-Aug,03-Nov,70,15-Aug,80
1,374,1228,W,W,W,3371,27-Aug,03-Nov,68,15-Aug,80
1,375,1237,D,W,D,3425,31-Aug,03-Nov,64,15-Aug,80
1,1,1002,W,D,W,2012,22-Aug,04-Nov,74,15-Aug,81
1,4,1015,D,W,W,2093,23-Aug,04-Nov,73,15-Aug,81
1,6,1018,W,D,W,2108,22-Aug,04-Nov,74,15-Aug,81
1,7,1026,W,W,W,2159,22-Aug,04-Nov,74,15-Aug,81
1,7,1028,D,W,W,2171,22-Aug,04-Nov,74,15-Aug,81
1,29,1036,W,D,D,2216,23-Aug,04-Nov,73,15-Aug,81
1,29,1038,W,D,W,2228,24-Aug,04-Nov,72,15-Aug,81
1,32,1042,W,W,W,2255,22-Aug,04-Nov,74,15-Aug,81
1,32,1044,W,W,W,2267,23-Aug,04-Nov,73,15-Aug,81
1,32,1047,D,D,W,2282,26-Aug,04-Nov,70,15-Aug,81
1,35,1051,D,W,W,2309,24-Aug,04-Nov,72,15-Aug,81
1,37,1059,D,W,W,2357,26-Aug,04-Nov,70,15-Aug,81
1,38,1065,D,W,W,2393,26-Aug,04-Nov,70,15-Aug,81
1,40,1081,D,D,W,2486,23-Aug,04-Nov,73,15-Aug,81
1,41,1085,W,D,W,2510,26-Aug,04-Nov,70,15-Aug,81
1,41,1086,W,W,W,2519,23-Aug,04-Nov,73,15-Aug,81
1,41,1089,D,D,D,2534,27-Aug,04-Nov,69,15-Aug,81
1,49,1091,W,W,W,2549,23-Aug,04-Nov,73,15-Aug,81
1,49,1092,W,W,W,2555,24-Aug,04-Nov,72,15-Aug,81
1,49,1093,D,W,D,2561,23-Aug,04-Nov,73,15-Aug,81
1,54,1111,D,W,W,2669,22-Aug,04-Nov,74,15-Aug,81
1,152,1127,W,W,W,2765,24-Aug,04-Nov,72,15-Aug,81
1,152,1129,D,W,W,2777,26-Aug,04-Nov,70,15-Aug,81
1,155,1148,D,W,W,2891,22-Aug,04-Nov,74,15-Aug,81
1,172,1179,D,W,W,3077,04-Sep,04-Nov,61,15-Aug,81
1,342,1184,D,W,W,3107,30-Aug,04-Nov,66,15-Aug,81
1,372,1219,D,W,D,3317,26-Aug,04-Nov,70,15-Aug,81
1,373,1225,D,D,D,3350,02-Sep,04-Nov,63,15-Aug,81
1,3,1009,D,D,W,2054,23-Aug,05-Nov,74,15-Aug,82
1,4,1014,W,W,D,2087,23-Aug,05-Nov,74,15-Aug,82
1,4,1017,D,W,W,2105,23-Aug,05-Nov,74,15-Aug,82
1,29,1036,W,W,W,2219,23-Aug,05-Nov,74,15-Aug,82
1,29,1038,W,W,W,2231,23-Aug,05-Nov,74,15-Aug,82
1,35,1049,W,D,W,2294,22-Aug,05-Nov,75,15-Aug,82
1,35,1049,W,W,W,2297,22-Aug,05-Nov,75,15-Aug,82
1,35,1053,D,W,W,2321,24-Aug,05-Nov,73,15-Aug,82
1,38,1065,D,D,D,2390,02-Sep,05-Nov,64,15-Aug,82
1,41,1089,D,W,D,2537,02-Sep,05-Nov,64,15-Aug,82
1,54,1110,W,W,D,2663,22-Aug,05-Nov,75,15-Aug,82
1,148,1120,W,D,D,2720,28-Aug,05-Nov,69,15-Aug,82
1,148,1120,W,D,W,2720,28-Aug,05-Nov,69,15-Aug,82
1,148,1120,W,W,W,2723,29-Aug,05-Nov,68,15-Aug,82
1,152,1127,W,D,D,2762,24-Aug,05-Nov,73,15-Aug,82
1,155,1149,D,W,W,2897,23-Aug,05-Nov,74,15-Aug,82
1,167,1164,W,D,D,2984,24-Aug,05-Nov,73,15-Aug,82
1,170,1173,D,D,D,3038,29-Aug,05-Nov,68,15-Aug,82
1,172,1175,W,W,W,3053,27-Aug,05-Nov,70,15-Aug,82
1,343,1187,W,D,D,3122,26-Aug,05-Nov,71,15-Aug,82
1,343,1189,D,W,D,3137,05-Sep,05-Nov,61,15-Aug,82
1,343,1190,D,D,W,3140,01-Sep,05-Nov,65,15-Aug,82
1,345,1199,W,W,D,3197,31-Aug,05-Nov,66,15-Aug,82
1,372,1218,W,D,D,3308,25-Aug,05-Nov,72,15-Aug,82
1,372,1221,D,W,D,3329,27-Aug,05-Nov,70,15-Aug,82
1,375,1239,D,W,W,3437,02-Sep,05-Nov,64,15-Aug,82
1,29,1037,W,D,W,2222,23-Aug,06-Nov,75,15-Aug,83
1,29,1041,D,W,W,2249,24-Aug,06-Nov,74,15-Aug,83
1,35,1048,W,D,W,2288,23-Aug,06-Nov,75,15-Aug,83
1,37,1058,D,W,W,2351,29-Aug,06-Nov,69,15-Aug,83
1,37,1059,D,W,D,2357,26-Aug,06-Nov,72,15-Aug,83
1,38,1065,D,D,W,2390,02-Sep,06-Nov,65,15-Aug,83
1,39A,1068,W,D,W,2408,23-Aug,06-Nov,75,15-Aug,83
1,40,1079,W,D,W,2474,24-Aug,06-Nov,74,15-Aug,83
1,41,1087,D,D,D,2522,24-Aug,06-Nov,74,15-Aug,83
1,49,1090,W,W,D,2543,24-Aug,06-Nov,74,15-Aug,83
1,54,1112,D,D,W,2672,24-Aug,06-Nov,74,15-Aug,83
1,152,1126,W,W,D,2759,24-Aug,06-Nov,74,15-Aug,83
1,343,1186,W,W,D,3119,28-Aug,06-Nov,70,15-Aug,83
1,343,1186,W,W,W,3119,28-Aug,06-Nov,70,15-Aug,83
1,344,1196,D,D,W,3176,27-Aug,06-Nov,71,15-Aug,83
1,345,1203,D,W,W,3221,05-Sep,06-Nov,62,15-Aug,83
1,372,1219,D,D,D,3314,26-Aug,06-Nov,72,15-Aug,83
1,375,1235,W,D,W,3410,27-Aug,06-Nov,71,15-Aug,83
1,7,1024,W,W,W,2147,22-Aug,07-Nov,77,15-Aug,84
1,7,1029,D,D,W,2174,22-Aug,07-Nov,77,15-Aug,84
1,29,1041,D,D,W,2246,23-Aug,07-Nov,76,15-Aug,84
1,35,1050,W,D,W,2300,23-Aug,07-Nov,76,15-Aug,84
1,35,1052,D,D,W,2312,24-Aug,07-Nov,75,15-Aug,84
1,35,1053,D,D,W,2318,23-Aug,07-Nov,76,15-Aug,84
1,37,1055,W,W,D,2333,23-Aug,07-Nov,76,15-Aug,84
1,40,1078,W,D,W,2468,26-Aug,07-Nov,73,15-Aug,84
1,40,1082,D,W,D,2495,22-Aug,07-Nov,77,15-Aug,84
1,40,1083,D,W,D,2501,26-Aug,07-Nov,73,15-Aug,84
1,51,1098,W,W,W,2591,24-Aug,07-Nov,75,15-Aug,84
1,52,1105,D,W,W,2633,22-Aug,07-Nov,77,15-Aug,84
1,152,1126,W,D,D,2756,23-Aug,07-Nov,76,15-Aug,84
1,344,1197,D,D,W,3182,27-Aug,07-Nov,72,15-Aug,84
1,345,1203,D,W,D,3221,05-Sep,07-Nov,63,15-Aug,84
1,349,1206,W,D,D,3236,30-Aug,07-Nov,69,15-Aug,84
1,349,1206,W,W,D,3239,27-Aug,07-Nov,72,15-Aug,84
1,373,1224,W,D,W,3344,30-Aug,07-Nov,69,15-Aug,84
1,1,1005,D,D,W,2030,22-Aug,08-Nov,78,15-Aug,85
1,28,1031,W,W,W,2189,23-Aug,08-Nov,77,15-Aug,85
1,28,1034,D,W,D,2207,23-Aug,08-Nov,77,15-Aug,85
1,32,1045,D,D,W,2270,44432,08-Nov,76,15-Aug,85
1,35,1049,W,D,D,2294,22-Aug,08-Nov,78,15-Aug,85
1,40,1079,W,W,D,2477,25-Aug,08-Nov,75,15-Aug,85
1,41,1088,D,D,W,2528,25-Aug,08-Nov,75,15-Aug,85
1,51,1098,W,W,D,2591,24-Aug,08-Nov,76,15-Aug,85
1,148,1121,W,W,D,2729,30-Aug,08-Nov,70,15-Aug,85
1,170,1173,D,W,D,3041,31-Aug,08-Nov,69,15-Aug,85
1,342,1180,W,D,W,3080,26-Aug,08-Nov,74,15-Aug,85
1,343,1186,W,D,D,3116,27-Aug,08-Nov,73,15-Aug,85
1,343,1188,W,W,D,3131,26-Aug,08-Nov,74,15-Aug,85
1,344,1194,W,W,D,3167,31-Aug,08-Nov,69,15-Aug,85
1,349,1207,D,D,D,3242,30-Aug,08-Nov,70,15-Aug,85
1,371,1213,D,W,D,3281,28-Aug,08-Nov,72,15-Aug,85
1,374,1229,W,W,D,3377,27-Aug,08-Nov,73,15-Aug,85
1,7,1027,D,D,W,2162,22-Aug,09-Nov,79,15-Aug,86
1,29,1040,D,W,W,2243,24-Aug,09-Nov,77,15-Aug,86
1,40,1078,W,W,D,2471,27-Aug,09-Nov,74,15-Aug,86
1,41,1087,D,W,W,2525,24-Aug,09-Nov,77,15-Aug,86
1,51,1100,D,W,W,2603,23-Aug,09-Nov,78,15-Aug,86
1,52,1106,D,W,W,2639,22-Aug,09-Nov,79,15-Aug,86
1,52,1107,D,D,W,2642,22-Aug,09-Nov,79,15-Aug,86
1,54,1110,W,D,W,2660,22-Aug,09-Nov,79,15-Aug,86
1,152,1129,D,D,D,2774,28-Aug,09-Nov,73,15-Aug,86
1,349,1209,D,W,W,3257,29-Aug,09-Nov,72,15-Aug,86
1,375,1234,W,W,D,3407,26-Aug,09-Nov,75,15-Aug,86
1,7,1025,W,W,W,2153,22-Aug,10-Nov,80,15-Aug,87
1,40,1078,W,D,D,2468,26-Aug,10-Nov,76,15-Aug,87
1,40,1080,W,W,D,2483,26-Aug,10-Nov,76,15-Aug,87
1,41,1085,W,W,W,2513,28-Aug,10-Nov,74,15-Aug,87
1,148,1125,D,W,D,2753,02-Sep,10-Nov,69,15-Aug,87
1,343,1188,W,D,W,3128,30-Aug,10-Nov,72,15-Aug,87
1,375,1239,D,W,D,3437,02-Sep,10-Nov,69,15-Aug,87
1,4,1014,W,W,W,2087,23-Aug,11-Nov,80,15-Aug,88
1,28,1034,D,W,W,2207,23-Aug,11-Nov,80,15-Aug,88
1,52,1103,W,D,W,2618,22-Aug,11-Nov,81,15-Aug,88
1,344,1195,D,D,D,3170,27-Aug,11-Nov,76,15-Aug,88
1,3,1011,D,D,W,2066,26-Aug,12-Nov,78,15-Aug,89
1,28,1033,D,D,W,2198,22-Aug,12-Nov,82,15-Aug,89
1,40,1080,W,W,W,2483,26-Aug,12-Nov,78,15-Aug,89
1,57,1116,W,W,W,2699,22-Aug,12-Nov,82,15-Aug,89
1,172,1176,W,D,D,3056,28-Aug,12-Nov,76,15-Aug,89
1,172,1179,D,D,W,3074,05-Sep,12-Nov,68,15-Aug,89
1,342,1183,D,W,W,3101,28-Aug,12-Nov,76,15-Aug,89
1,343,1189,D,W,W,3137,05-Sep,12-Nov,68,15-Aug,89
1,372,1218,W,W,D,3311,31-Aug,12-Nov,73,15-Aug,89
1,374,1230,W,D,W,3380,28-Aug,12-Nov,76,15-Aug,89
1,375,1237,D,W,W,3425,31-Aug,12-Nov,73,15-Aug,89
1,375,1238,D,W,D,3431,07-Sep,12-Nov,66,15-Aug,89
1,3,1010,D,D,W,2060,26-Aug,13-Nov,79,15-Aug,90
1,40,1078,W,W,W,2471,27-Aug,13-Nov,78,15-Aug,90
1,148,1123,D,D,W,2738,24-Aug,13-Nov,81,15-Aug,90
1,343,1191,D,D,D,3146,06-Sep,13-Nov,68,15-Aug,90
1,373,1227,D,D,W,3362,44440,13-Nov,73,15-Aug,90
1,375,1235,W,W,D,3413,28-Aug,13-Nov,77,15-Aug,90
1,3,1010,D,W,W,2063,23-Aug,14-Nov,83,15-Aug,91
1,29,1039,D,W,W,2237,23-Aug,14-Nov,83,15-Aug,91
1,41,1085,W,D,D,2510,26-Aug,14-Nov,80,15-Aug,91
1,57,1117,D,D,W,2702,23-Aug,14-Nov,83,15-Aug,91
1,172,1177,D,W,W,3065,30-Aug,14-Nov,76,15-Aug,91
1,343,1190,D,W,D,3143,25-Aug,14-Nov,81,15-Aug,91
1,345,1200,W,D,W,3200,01-Sep,14-Nov,74,15-Aug,91
1,349,1205,W,D,W,3230,28-Aug,14-Nov,78,15-Aug,91
1,372,1221,D,D,W,3326,26-Aug,14-Nov,80,15-Aug,91
1,343,1187,W,W,D,3125,30-Aug,15-Nov,77,15-Aug,92
1,344,1193,W,D,D,3158,04-Sep,15-Nov,72,15-Aug,92
1,345,1198,W,D,W,3188,31-Aug,15-Nov,76,15-Aug,92
1,371,1215,D,D,W,3290,04-Sep,15-Nov,72,15-Aug,92
1,374,1232,D,W,W,3395,27-Aug,15-Nov,80,15-Aug,92
1,4,1016,D,W,W,2099,23-Aug,16-Nov,85,15-Aug,93
1,172,1175,W,D,D,3050,26-Aug,16-Nov,82,15-Aug,93
1,344,1195,D,W,W,3173,31-Aug,16-Nov,77,15-Aug,93
1,345,1199,W,D,W,3194,05-Sep,16-Nov,72,15-Aug,93
1,345,1199,W,W,W,3197,31-Aug,16-Nov,77,15-Aug,93
1,349,1208,D,D,D,3248,31-Aug,16-Nov,77,15-Aug,93
1,371,1215,D,W,D,3293,29-Aug,16-Nov,79,15-Aug,93
1,372,1217,W,W,D,3305,25-Aug,16-Nov,83,15-Aug,93
1,374,1230,W,W,W,3383,28-Aug,16-Nov,80,15-Aug,93
1,41,1088,D,W,W,2531,25-Aug,17-Nov,84,15-Aug,94
1,41,1089,D,W,W,2537,02-Sep,17-Nov,76,15-Aug,94
1,148,1125,D,W,W,2753,02-Sep,17-Nov,76,15-Aug,94
1,152,1127,W,D,W,2762,24-Aug,17-Nov,85,15-Aug,94
1,342,1185,D,W,W,3113,28-Aug,17-Nov,81,15-Aug,94
1,371,1213,D,W,W,3281,28-Aug,17-Nov,81,15-Aug,94
1,372,1218,W,W,W,3311,31-Aug,17-Nov,78,15-Aug,94
1,7,1028,D,D,W,2168,22-Aug,18-Nov,88,15-Aug,95
1,57,1116,W,D,W,2696,22-Aug,18-Nov,88,15-Aug,95
1,344,1193,W,D,W,3158,04-Sep,18-Nov,75,15-Aug,95
1,375,1238,D,D,W,3428,28-Aug,18-Nov,82,15-Aug,95
1,29,1039,D,D,W,2234,23-Aug,19-Nov,88,15-Aug,96
1,57,1119,D,W,W,2717,25-Aug,19-Nov,86,15-Aug,96
1,170,1173,D,D,W,3038,29-Aug,19-Nov,82,15-Aug,96
1,343,1187,W,W,W,3125,30-Aug,19-Nov,81,15-Aug,96
1,344,1195,D,W,D,3173,31-Aug,19-Nov,80,15-Aug,96
1,349,1208,D,D,W,3248,31-Aug,19-Nov,80,15-Aug,96
1,40,1083,D,D,W,2498,25-Aug,20-Nov,87,15-Aug,97
1,40,1083,D,W,W,2501,26-Aug,20-Nov,86,15-Aug,97
1,54,1112,D,W,W,2675,22-Aug,20-Nov,90,15-Aug,97
1,148,1124,D,D,W,2744,27-Aug,20-Nov,85,15-Aug,97
1,342,1185,D,W,D,3113,28-Aug,20-Nov,84,15-Aug,97
1,4,1017,D,D,W,2102,22-Aug,23-Nov,93,15-Aug,100
1,54,1110,W,W,W,2663,22-Aug,23-Nov,93,15-Aug,100
1,373,1222,W,W,W,3335,03-Sep,23-Nov,81,15-Aug,100
1,374,1229,W,W,W,3377,27-Aug,23-Nov,88,15-Aug,100
1,374,1233,D,W,D,3401,16-Sep,23-Nov,68,15-Aug,100
1,375,1238,D,W,W,3431,07-Sep,23-Nov,77,15-Aug,100
1,345,1200,W,W,D,3203,30-Aug,24-Nov,86,15-Aug,101
1,372,1216,W,W,W,3299,28-Aug,26-Nov,90,15-Aug,103
1,374,1232,D,D,W,3392,29-Aug,26-Nov,89,15-Aug,103
1,374,1233,D,D,W,3398,24-Aug,26-Nov,94,15-Aug,103
1,375,1234,W,D,W,3404,26-Aug,26-Nov,92,15-Aug,103
1,40,1081,D,W,W,2489,23-Aug,27-Nov,96,15-Aug,104
1,152,1129,D,D,W,2774,28-Aug,27-Nov,91,15-Aug,104
1,170,1170,W,D,W,3020,25-Aug,27-Nov,94,15-Aug,104
1,372,1220,D,W,W,3323,29-Aug,27-Nov,90,15-Aug,104
1,4,1016,D,D,W,2096,22-Aug,28-Nov,98,15-Aug,105
1,344,1192,W,D,D,3152,29-Aug,28-Nov,91,15-Aug,105
1,345,1198,W,D,D,3188,31-Aug,28-Nov,89,15-Aug,105
1,372,1218,W,D,W,3308,25-Aug,28-Nov,95,15-Aug,105
1,373,1223,W,D,D,3338,,28-Nov,44528,15-Aug,105
1,153,1135,D,D,W,2810,27-Aug,03-Dec,98,15-Aug,110
1,152,1126,W,W,W,2759,24-Aug,07-Dec,105,15-Aug,114
1,152,1126,W,D,W,2756,23-Aug,10-Dec,109,15-Aug,117
1,374,1231,D,D,W,3386,27-Aug,10-Dec,105,15-Aug,117
1,374,1233,D,W,W,3401,16-Sep,12-Dec,87,15-Aug,119
2,170,1168,W,D,D,3009,06-Nov,27-Dec,51,29-Oct,424
2,153,1132,W,D,D,2793,05-Nov,29-Dec,54,29-Oct,426
2,172,1179,D,D,D,3075,06-Nov,29-Dec,53,29-Oct,426
2,164,1151,W,D,D,2907,05-Nov,30-Dec,55,29-Oct,427
2,164,1152,W,D,D,2913,#DIV/0!,30-Dec,#DIV/0!,29-Oct,427
2,164,1154,D,W,D,2928,05-Nov,30-Dec,55,29-Oct,427
2,170,1172,D,D,D,3033,05-Nov,30-Dec,55,29-Oct,427
2,152,1130,D,D,D,2781,#DIV/0!,31-Dec,#DIV/0!,29-Oct,428
2,1,1003,D,D,D,2019,#DIV/0!,NA,#DIV/0!,29-Oct,#VALUE!
2,1,1004,D,D,D,2025,05-Nov,NA,#VALUE!,29-Oct,#VALUE!
2,1,1005,D,D,D,2031,05-Nov,NA,#VALUE!,29-Oct,#VALUE!
2,3,1010,D,D,D,2061,12-Nov,NA,#VALUE!,29-Oct,#VALUE!
2,3,1011,D,D,W,2067,08-Nov,NA,#VALUE!,29-Oct,#VALUE!
2,4,1012,W,D,D,2073,#DIV/0!,NA,#DIV/0!,29-Oct,#VALUE!
2,4,1012,W,D,W,2073,#DIV/0!,NA,#DIV/0!,29-Oct,#VALUE!
2,6,1018,W,D,D,2109,02-Nov,NA,#VALUE!,29-Oct,#VALUE!
2,6,1019,W,D,D,2115,#DIV/0!,NA,#DIV/0!,29-Oct,#VALUE!
2,6,1019,W,D,W,2115,#DIV/0!,NA,#DIV/0!,29-Oct,#VALUE!
2,6,1020,W,D,W,2121,05-Nov,NA,#VALUE!,29-Oct,#VALUE!
2,7,1024,W,D,D,2145,#DIV/0!,NA,#DIV/0!,29-Oct,#VALUE!
2,7,1025,W,W,D,2154,06-Nov,NA,#VALUE!,29-Oct,#VALUE!
2,28,1030,W,W,D,2184,05-Nov,NA,#VALUE!,29-Oct,#VALUE!
2,28,1032,W,D,D,2193,#DIV/0!,NA,#DIV/0!,29-Oct,#VALUE!
2,28,1032,W,W,D,2196,06-Nov,NA,#VALUE!,29-Oct,#VALUE!
2,28,1034,D,D,D,2205,#DIV/0!,NA,#DIV/0!,29-Oct,#VALUE!
2,28,1034,D,W,D,2208,04-Nov,NA,#VALUE!,29-Oct,#VALUE!
2,28,1035,D,D,D,2211,#DIV/0!,NA,#DIV/0!,29-Oct,#VALUE!
2,29,1036,W,D,D,2217,06-Nov,NA,#VALUE!,29-Oct,#VALUE!
2,29,1040,D,D,D,2241,#DIV/0!,NA,#DIV/0!,29-Oct,#VALUE!
2,29,1040,D,D,W,2241,#DIV/0!,NA,#DIV/0!,29-Oct,#VALUE!
2,29,1040,D,W,D,2244,05-Nov,NA,#VALUE!,29-Oct,#VALUE!
2,29,1041,D,D,D,2247,03-Nov,NA,#VALUE!,29-Oct,#VALUE!
2,32,1044,W,D,D,2265,#DIV/0!,NA,#DIV/0!,29-Oct,#VALUE!
2,32,1044,W,D,W,2265,#DIV/0!,NA,#DIV/0!,29-Oct,#VALUE!
2,32,1045,D,W,D,2274,#DIV/0!,NA,#DIV/0!,29-Oct,#VALUE!
2,32,1045,D,W,W,2274,#DIV/0!,NA,#DIV/0!,29-Oct,#VALUE!
2,37,1058,D,W,D,2352,05-Nov,NA,#VALUE!,29-Oct,#VALUE!
2,39B,1075,D,D,D,2451,#DIV/0!,NA,#DIV/0!,29-Oct,#VALUE!
2,52,1107,D,W,W,2646,05-Nov,NA,#VALUE!,29-Oct,#VALUE!
2,54,1108,W,W,D,2652,#DIV/0!,NA,#DIV/0!,29-Oct,#VALUE!
2,54,1108,W,W,W,2652,#DIV/0!,NA,#DIV/0!,29-Oct,#VALUE!
2,54,1109,W,D,D,2655,#DIV/0!,NA,#DIV/0!,29-Oct,#VALUE!
2,54,1109,W,D,W,2655,#DIV/0!,NA,#DIV/0!,29-Oct,#VALUE!
2,54,1109,W,W,D,2658,#DIV/0!,NA,#DIV/0!,29-Oct,#VALUE!
2,54,1109,W,W,W,2658,#DIV/0!,NA,#DIV/0!,29-Oct,#VALUE!
2,54,1113,D,W,D,2682,#DIV/0!,NA,#DIV/0!,29-Oct,#VALUE!
2,54,1113,D,W,W,2682,#DIV/0!,NA,#DIV/0!,29-Oct,#VALUE!
2,57,1114,W,D,D,2685,#DIV/0!,NA,#DIV/0!,29-Oct,#VALUE!
2,57,1114,W,D,W,2685,#DIV/0!,NA,#DIV/0!,29-Oct,#VALUE!
2,57,1115,W,W,D,2694,#DIV/0!,NA,#DIV/0!,29-Oct,#VALUE!
2,57,1115,W,W,W,2694,#DIV/0!,NA,#DIV/0!,29-Oct,#VALUE!
2,57,1118,D,W,D,2712,#DIV/0!,NA,#DIV/0!,29-Oct,#VALUE!
2,57,1118,D,W,W,2712,#DIV/0!,NA,#DIV/0!,29-Oct,#VALUE!
2,148,1120,W,D,D,2721,18-Nov,NA,#VALUE!,29-Oct,#VALUE!
2,148,1120,W,D,W,2721,18-Nov,NA,#VALUE!,29-Oct,#VALUE!
2,148,1121,W,W,W,2730,14-Nov,NA,#VALUE!,29-Oct,#VALUE!
2,152,1128,W,W,D,2772,#DIV/0!,NA,#DIV/0!,29-Oct,#VALUE!
2,152,1128,W,W,W,2772,#DIV/0!,NA,#DIV/0!,29-Oct,#VALUE!
2,153,1132,W,D,W,2793,05-Nov,NA,#VALUE!,29-Oct,#VALUE!
2,154,1138,W,D,D,2829,#DIV/0!,NA,#DIV/0!,29-Oct,#VALUE!
2,154,1138,W,D,W,2829,#DIV/0!,NA,#DIV/0!,29-Oct,#VALUE!
2,154,1140,W,D,D,2841,#DIV/0!,NA,#DIV/0!,29-Oct,#VALUE!
2,154,1140,W,D,W,2841,#DIV/0!,NA,#DIV/0!,29-Oct,#VALUE!
2,154,1141,D,D,D,2847,#DIV/0!,NA,#DIV/0!,29-Oct,#VALUE!
2,154,1141,D,D,W,2847,#DIV/0!,NA,#DIV/0!,29-Oct,#VALUE!
2,154,1143,D,D,D,2859,#DIV/0!,NA,#DIV/0!,29-Oct,#VALUE!
2,154,1143,D,D,W,2859,#DIV/0!,NA,#DIV/0!,29-Oct,#VALUE!
2,154,1143,D,W,D,2862,#DIV/0!,NA,#DIV/0!,29-Oct,#VALUE!
2,154,1143,D,W,W,2862,#DIV/0!,NA,#DIV/0!,29-Oct,#VALUE!
2,164,1150,W,D,W,2901,05-Nov,NA,#VALUE!,29-Oct,#VALUE!
2,164,1154,D,D,D,2925,#DIV/0!,NA,#DIV/0!,29-Oct,#VALUE!
2,164,1154,D,D,W,2925,#DIV/0!,NA,#DIV/0!,29-Oct,#VALUE!
2,170,1171,D,W,D,3030,05-Nov,NA,#VALUE!,29-Oct,#VALUE!
2,172,1176,W,W,D,3060,#DIV/0!,NA,#DIV/0!,29-Oct,#VALUE!
2,172,1176,W,W,W,3060,#DIV/0!,NA,#DIV/0!,29-Oct,#VALUE!
2,342,1180,W,W,D,3084,#DIV/0!,NA,#DIV/0!,29-Oct,#VALUE!
2,342,1180,W,W,W,3084,#DIV/0!,NA,#DIV/0!,29-Oct,#VALUE!
2,342,1181,W,D,D,3087,#DIV/0!,NA,#DIV/0!,29-Oct,#VALUE!
2,342,1181,W,D,W,3087,#DIV/0!,NA,#DIV/0!,29-Oct,NA
2,342,1181,W,W,D,3090,#DIV/0!,NA,#DIV/0!,29-Oct,#VALUE!
2,342,1181,W,W,W,3090,#DIV/0!,NA,#DIV/0!,29-Oct,#VALUE!
2,342,1182,W,D,D,3093,#DIV/0!,NA,#DIV/0!,29-Oct,#VALUE!
2,342,1182,W,D,W,3093,#DIV/0!,NA,#DIV/0!,29-Oct,#VALUE!
2,342,1182,W,W,D,3096,#DIV/0!,NA,#DIV/0!,29-Oct,#VALUE!
2,342,1182,W,W,W,3096,#DIV/0!,NA,#DIV/0!,29-Oct,#VALUE!
2,342,1183,D,D,D,3099,#DIV/0!,NA,#DIV/0!,29-Oct,#VALUE!
2,342,1183,D,D,W,3099,#DIV/0!,NA,#DIV/0!,29-Oct,#VALUE!
2,343,1191,D,W,W,3150,15-Nov,NA,#VALUE!,29-Oct,#VALUE!
2,344,1192,W,W,D,3156,#DIV/0!,NA,#DIV/0!,29-Oct,#VALUE!
2,344,1192,W,W,W,3156,#DIV/0!,NA,#DIV/0!,29-Oct,#VALUE!
2,344,1194,W,D,D,3165,#DIV/0!,NA,#DIV/0!,29-Oct,#VALUE!
2,344,1194,W,D,W,3165,#DIV/0!,NA,#DIV/0!,29-Oct,#VALUE!
2,344,1195,D,D,D,3171,03-Nov,NA,#VALUE!,29-Oct,#VALUE!
2,345,1201,D,D,D,3207,#DIV/0!,NA,#DIV/0!,29-Oct,#VALUE!
2,345,1201,D,D,W,3207,#DIV/0!,NA,#DIV/0!,29-Oct,#VALUE!
2,345,1203,D,W,D,3222,#DIV/0!,NA,#DIV/0!,29-Oct,#VALUE!
2,345,1203,D,W,W,3222,#DIV/0!,NA,#DIV/0!,29-Oct,#VALUE!
2,371,1210,W,W,D,3264,06-Nov,NA,#VALUE!,29-Oct,#VALUE!
2,371,1210,W,W,W,3264,06-Nov,NA,#VALUE!,29-Oct,#VALUE!
2,373,1224,W,D,W,3345,07-Nov,NA,NA,29-Oct,#VALUE!
2,373,1224,W,W,D,3348,#DIV/0!,NA,#DIV/0!,29-Oct,#VALUE!
2,373,1224,W,W,W,3348,#DIV/0!,NA,NA,29-Oct,#VALUE!
2,373,1225,D,D,D,3351,#DIV/0!,NA,#DIV/0!,29-Oct,#VALUE!
2,373,1225,D,D,W,3351,#DIV/0!,NA,NA,29-Oct,#VALUE!
2,373,1227,D,D,D,3363,#DIV/0!,NA,#DIV/0!,29-Oct,#VALUE!
2,373,1227,D,D,W,3363,#DIV/0!,NA,NA,29-Oct,#VALUE!
2,375,1236,W,W,D,3420,#DIV/0!,NA,#DIV/0!,29-Oct,#VALUE!
2,375,1236,W,W,W,3420,#DIV/0!,NA,#DIV/0!,29-Oct,#VALUE!
1,1,1004,D,D,D,2024,23-Aug,,00-Jan,15-Aug,-44788
1,1,1004,D,D,W,2024,23-Aug,,-44431,15-Aug,-44788
1,4,1012,W,D,D,2072,,,0,15-Aug,-44788
1,4,1012,W,D,W,2072,,,0,15-Aug,-44788
1,6,1019,W,D,D,2114,,,0,15-Aug,-44788
1,6,1019,W,D,W,2114,,,0,15-Aug,-44788
1,7,1025,W,D,W,2150,23-Aug,,-44431,15-Aug,-44788
1,7,1025,W,W,D,2153,22-Aug,,-44430,15-Aug,-44788
1,28,1031,W,D,W,2186,23-Aug,,-44431,15-Aug,-44788
1,28,1032,W,W,D,2195,,,0,15-Aug,-44788
1,28,1032,W,W,W,2195,,,0,15-Aug,-44788
1,28,1034,D,D,W,2204,22-Aug,,-44430,15-Aug,-44788
1,28,1035,D,W,D,2213,,,0,15-Aug,-44788
1,28,1035,D,W,W,2213,,,0,15-Aug,-44788
1,29,1040,D,D,D,2240,,,0,15-Aug,-44788
1,29,1040,D,D,W,2240,,,0,15-Aug,-44788
1,32,1044,W,D,D,2264,,,0,15-Aug,-44788
1,32,1044,W,D,W,2264,,,0,15-Aug,-44788
1,32,1045,D,W,D,2273,,,0,15-Aug,-44788
1,32,1045,D,W,W,2273,,,0,15-Aug,-44788
1,32,1046,D,W,W,2279,22-Aug,,-44430,15-Aug,-44788
1,38,1063,D,W,D,2381,,,0,15-Aug,-44788
1,38,1063,D,W,W,2381,,,0,15-Aug,-44788
1,40,1079,W,W,W,2477,25-Aug,,-44433,15-Aug,-44788
1,54,1108,W,W,D,2651,,,0,15-Aug,-44788
1,54,1108,W,W,W,2651,,,0,15-Aug,-44788
1,54,1109,W,D,D,2654,,,0,15-Aug,-44788
1,54,1109,W,D,W,2654,,,0,15-Aug,-44788
1,54,1109,W,W,D,2657,,,0,15-Aug,-44788
1,54,1109,W,W,W,2657,,,0,15-Aug,-44788
1,54,1113,D,W,D,2681,,,0,15-Aug,-44788
1,54,1113,D,W,W,2681,,,0,15-Aug,-44788
1,57,1114,W,D,W,2684,,,0,15-Aug,-44788
1,57,1114,W,W,D,2687,,,0,15-Aug,-44788
1,57,1114,W,W,W,2687,,,0,15-Aug,-44788
1,57,1115,W,W,D,2693,,,0,15-Aug,-44788
1,57,1115,W,W,W,2693,,,0,15-Aug,-44788
1,57,1118,D,W,D,2711,,,0,15-Aug,-44788
1,57,1118,D,W,W,2711,,,0,15-Aug,-44788
1,148,1125,D,D,W,2750,27-Aug,,-44435,15-Aug,-44788
1,154,1138,W,D,D,2828,,,0,15-Aug,-44788
1,154,1138,W,D,W,2828,,,0,15-Aug,-44788
1,154,1140,W,D,D,2840,,,0,15-Aug,-44788
1,154,1140,W,D,W,2840,,,0,15-Aug,-44788
1,154,1141,D,D,D,2846,,,0,15-Aug,-44788
1,154,1141,D,D,W,2846,,,0,15-Aug,-44788
1,154,1143,D,D,D,2858,,,0,15-Aug,-44788
1,154,1143,D,D,W,2858,,,0,15-Aug,-44788
1,154,1143,D,W,D,2861,,,0,15-Aug,-44788
1,154,1143,D,W,W,2861,,,0,15-Aug,-44788
1,164,1154,D,D,D,2924,,,0,15-Aug,-44788
1,164,1154,D,D,W,2924,,,0,15-Aug,-44788
1,170,1168,W,W,W,3011,24-Aug,,-44432,15-Aug,-44788
1,172,1174,W,D,W,3044,27-Aug,,-44435,15-Aug,-44788
1,172,1175,W,D,W,3050,26-Aug,,-44434,15-Aug,-44788
1,172,1176,W,D,W,3056,28-Aug,,-44436,15-Aug,-44788
1,172,1176,W,W,D,3059,,,0,15-Aug,-44788
1,172,1176,W,W,W,3059,,,0,15-Aug,-44788
1,342,1180,W,W,D,3083,,,0,15-Aug,-44788
1,342,1180,W,W,W,3083,,,0,15-Aug,-44788
1,342,1181,W,D,D,3086,,,0,15-Aug,-44788
1,342,1181,W,D,W,3086,,,0,15-Aug,-44788
1,342,1181,W,W,D,3089,,,0,15-Aug,-44788
1,342,1181,W,W,W,3089,,,0,15-Aug,-44788
1,342,1182,W,D,D,3092,,,0,15-Aug,-44788
1,342,1182,W,D,W,3092,,,0,15-Aug,-44788
1,342,1182,W,W,D,3095,,,0,15-Aug,-44788
1,342,1182,W,W,W,3095,,,0,15-Aug,-44788
1,342,1183,D,D,D,3098,,,0,15-Aug,-44788
1,342,1183,D,D,W,3098,,,0,15-Aug,-44788
1,343,1188,W,W,W,3131,26-Aug,,-44434,15-Aug,-44788
1,343,1191,D,W,D,3149,,,0,15-Aug,-44788
1,343,1191,D,W,W,3149,,,0,15-Aug,-44788
1,344,1192,W,W,D,3155,,,0,15-Aug,-44788
1,344,1192,W,W,W,3155,,,0,15-Aug,-44788
1,344,1194,W,D,D,3164,,,0,15-Aug,-44788
1,344,1194,W,D,W,3164,,,0,15-Aug,-44788
1,344,1194,W,W,W,3167,31-Aug,,-44439,15-Aug,-44788
1,344,1196,D,D,D,3176,27-Aug,,-44435,15-Aug,-44788
1,344,1196,D,W,D,3179,,,0,15-Aug,-44788
1,344,1196,D,W,W,3179,,,0,15-Aug,-44788
1,345,1201,D,D,D,3206,,,0,15-Aug,-44788
1,345,1201,D,D,W,3206,,,0,15-Aug,-44788
1,345,1202,D,D,D,3212,,,0,15-Aug,-44788
1,345,1202,D,D,W,3212,,,0,15-Aug,-44788
1,345,1203,D,D,W,3218,10-Sep,,-44449,15-Aug,-44788
1,349,1204,W,D,W,3224,02-Sep,,-44441,15-Aug,-44788
1,349,1204,W,W,W,3227,28-Aug,,-44436,15-Aug,-44788
1,349,1206,W,D,W,3236,30-Aug,,-44438,15-Aug,-44788
1,349,1207,D,D,W,3242,30-Aug,,-44438,15-Aug,-44788
1,349,1207,D,W,W,3245,27-Aug,,-44435,15-Aug,-44788
1,349,1208,D,W,D,3251,,,0,15-Aug,-44788
1,349,1208,D,W,W,3251,,,0,15-Aug,-44788
1,371,1210,W,D,D,3260,,,0,15-Aug,-44788
1,371,1210,W,D,W,3260,,,0,15-Aug,-44788
1,372,1216,W,W,D,3299,28-Aug,,-44436,15-Aug,-44788
1,373,1222,W,D,D,3332,02-Sep,,-44441,15-Aug,-44788
1,373,1222,W,D,W,3332,02-Sep,,-44441,15-Aug,-44788
1,373,1223,W,D,W,3338,,,0,15-Aug,-44788
1,373,1224,W,W,D,3347,,,0,15-Aug,-44788
1,373,1224,W,W,W,3347,,,0,15-Aug,-44788
1,373,1225,D,D,W,3350,02-Sep,,-44441,15-Aug,-44788
1,373,1227,D,W,D,3365,,,0,15-Aug,-44788
1,373,1227,D,W,W,3365,,,0,15-Aug,-44788
1,374,1231,D,W,D,3389,,,0,15-Aug,-44788
1,374,1231,D,W,W,3389,,,0,15-Aug,-44788
1,374,1233,D,D,D,3398,24-Aug,,-44432,15-Aug,-44788
1,375,1235,W,W,W,3413,28-Aug,,-44436,15-Aug,-44788
1,375,1236,W,W,D,3419,,,0,15-Aug,-44788
1,375,1236,W,W,W,3419,,,0,15-Aug,-44788
2,3,1007,W,W,D,2046,05-Nov,,22-Feb,29-Oct,-44498
2,3,1009,D,W,W,2058,05-Nov,,22-Feb,29-Oct,-44498
2,3,1010,D,D,W,2061,12-Nov,,15-Feb,29-Oct,-44498
2,3,1011,D,D,D,2067,08-Nov,,19-Feb,29-Oct,-44498
2,3,1011,D,W,W,2070,07-Nov,,20-Feb,29-Oct,-44498
2,4,1012,W,W,W,2076,18-Nov,,09-Feb,29-Oct,-44498
2,4,1013,W,D,W,2079,05-Nov,,22-Feb,29-Oct,-44498
2,4,1013,W,W,W,2082,02-Nov,,25-Feb,29-Oct,-44498
2,4,1014,W,D,D,2085,07-Nov,,20-Feb,29-Oct,-44498
2,4,1014,W,D,W,2085,07-Nov,,20-Feb,29-Oct,-44498
2,6,1018,W,W,W,2112,06-Nov,,21-Feb,29-Oct,-44498
2,6,1021,D,W,W,2130,02-Nov,,25-Feb,29-Oct,-44498
2,7,1024,W,W,W,2148,05-Nov,,22-Feb,29-Oct,-44498
2,7,1025,W,W,W,2154,06-Nov,,21-Feb,29-Oct,-44498
2,7,1026,W,W,W,2160,02-Nov,,25-Feb,29-Oct,-44498
2,7,1027,D,D,W,2163,02-Nov,,25-Feb,29-Oct,-44498
2,7,1028,D,D,D,2169,02-Nov,,25-Feb,29-Oct,-44498
2,7,1028,D,D,W,2169,02-Nov,,25-Feb,29-Oct,-44498
2,7,1028,D,W,W,2172,01-Nov,,26-Feb,29-Oct,-44498
2,7,1029,D,D,W,2175,02-Nov,,25-Feb,29-Oct,-44498
2,7,1029,D,W,D,2178,01-Nov,,26-Feb,29-Oct,-44498
2,7,1029,D,W,W,2178,01-Nov,,26-Feb,29-Oct,-44498
2,28,1030,W,D,W,2181,04-Nov,,23-Feb,29-Oct,-44498
2,28,1030,W,W,W,2184,05-Nov,,22-Feb,29-Oct,-44498
2,28,1031,W,D,W,2187,06-Nov,,21-Feb,29-Oct,-44498
2,28,1031,W,W,D,2190,06-Nov,,21-Feb,29-Oct,-44498
2,28,1031,W,W,W,2190,06-Nov,,21-Feb,29-Oct,-44498
2,28,1032,W,D,W,2193,#DIV/0!,,#DIV/0!,29-Oct,-44498
2,28,1032,W,W,W,2196,06-Nov,,21-Feb,29-Oct,-44498
2,28,1033,D,D,D,2199,02-Nov,,25-Feb,29-Oct,-44498
2,28,1033,D,D,W,2199,02-Nov,,25-Feb,29-Oct,-44498
2,28,1033,D,W,D,2202,02-Nov,,25-Feb,29-Oct,-44498
2,28,1033,D,W,W,2202,02-Nov,,25-Feb,29-Oct,-44498
2,28,1034,D,D,W,2205,#DIV/0!,,#DIV/0!,29-Oct,-44498
2,28,1034,D,W,W,2208,04-Nov,,23-Feb,29-Oct,-44498
2,28,1035,D,D,W,2211,#DIV/0!,,#DIV/0!,29-Oct,-44498
2,28,1035,D,W,W,2214,05-Nov,,22-Feb,29-Oct,-44498
2,29,1036,W,D,W,2217,06-Nov,,21-Feb,29-Oct,-44498
2,29,1037,W,D,W,2223,06-Nov,,21-Feb,29-Oct,-44498
2,29,1037,W,W,W,2226,05-Nov,,22-Feb,29-Oct,-44498
2,29,1038,W,D,D,2229,#DIV/0!,,#DIV/0!,29-Oct,-44498
2,29,1038,W,D,W,2229,#DIV/0!,,#DIV/0!,29-Oct,-44498
2,29,1038,W,W,D,2232,06-Nov,,21-Feb,29-Oct,-44498
2,29,1038,W,W,W,2232,06-Nov,,21-Feb,29-Oct,-44498
2,29,1039,D,D,W,2235,05-Nov,,22-Feb,29-Oct,-44498
2,29,1039,D,W,D,2238,05-Nov,,22-Feb,29-Oct,-44498
2,29,1039,D,W,W,2238,05-Nov,,22-Feb,29-Oct,-44498
2,29,1040,D,W,W,2244,05-Nov,,22-Feb,29-Oct,-44498
2,29,1041,D,D,W,2247,03-Nov,,24-Feb,29-Oct,-44498
2,29,1041,D,W,D,2250,04-Nov,,23-Feb,29-Oct,-44498
2,29,1041,D,W,W,2250,04-Nov,,23-Feb,29-Oct,-44498
2,35,1049,W,D,W,2295,#DIV/0!,,#DIV/0!,29-Oct,-44498
2,35,1050,W,D,W,2301,02-Nov,,25-Feb,29-Oct,-44498
2,37,1054,W,W,W,2328,06-Nov,,21-Feb,29-Oct,-44498
2,37,1055,W,D,W,2331,05-Nov,,22-Feb,29-Oct,-44498
2,37,1055,W,W,W,2334,05-Nov,,22-Feb,29-Oct,-44498
2,37,1056,W,D,W,2337,05-Nov,,22-Feb,29-Oct,-44498
2,37,1057,D,D,D,2343,05-Nov,,22-Feb,29-Oct,-44498
2,37,1057,D,D,W,2343,05-Nov,,22-Feb,29-Oct,-44498
2,37,1058,D,D,W,2349,04-Nov,,23-Feb,29-Oct,-44498
2,37,1058,D,W,W,2352,05-Nov,,22-Feb,29-Oct,-44498
2,37,1059,D,D,W,2355,#DIV/0!,,#DIV/0!,29-Oct,-44498
2,37,1059,D,W,W,2358,08-Nov,,19-Feb,29-Oct,-44498
2,38,1062,W,W,W,2376,09-Nov,,18-Feb,29-Oct,-44498
2,38,1063,D,D,W,2379,#DIV/0!,,#DIV/0!,29-Oct,-44498
2,38,1065,D,W,W,2394,15-Nov,,12-Feb,29-Oct,-44498
2,40,1078,W,D,W,2469,#DIV/0!,,#DIV/0!,29-Oct,-44498
2,40,1079,W,D,W,2475,#DIV/0!,,#DIV/0!,29-Oct,-44498
2,40,1079,W,W,D,2478,06-Nov,,21-Feb,29-Oct,-44498
2,40,1079,W,W,W,2478,06-Nov,,21-Feb,29-Oct,-44498
2,40,1080,W,D,W,2481,#DIV/0!,,#DIV/0!,29-Oct,-44498
2,40,1080,W,W,D,2484,06-Nov,,21-Feb,29-Oct,-44498
2,40,1080,W,W,W,2484,06-Nov,,21-Feb,29-Oct,-44498
2,40,1081,D,D,W,2487,07-Nov,,20-Feb,29-Oct,-44498
2,40,1081,D,W,W,2490,05-Nov,,22-Feb,29-Oct,-44498
2,40,1082,D,D,W,2493,05-Nov,,22-Feb,29-Oct,-44498
2,41,1086,W,D,W,2517,#DIV/0!,,#DIV/0!,29-Oct,-44498
2,41,1087,D,W,W,2526,06-Nov,,21-Feb,29-Oct,-44498
2,41,1089,D,D,D,2535,05-Nov,,22-Feb,29-Oct,-44498
2,41,1089,D,W,W,2538,10-Nov,,17-Feb,29-Oct,-44498
2,49,1092,W,W,W,2556,#DIV/0!,,#DIV/0!,29-Oct,-44498
2,49,1093,D,W,W,2562,#DIV/0!,,#DIV/0!,29-Oct,-44498
2,52,1102,W,D,D,2613,05-Nov,,22-Feb,29-Oct,-44498
2,52,1103,W,D,W,2619,05-Nov,,#DIV/0!,29-Oct,-44498
2,52,1105,D,W,W,2634,02-Nov,,25-Feb,29-Oct,-44498
2,52,1106,D,D,D,2637,07-Nov,,20-Feb,29-Oct,-44498
2,52,1106,D,D,W,2637,07-Nov,,20-Feb,29-Oct,-44498
2,52,1106,D,W,W,2640,02-Nov,,25-Feb,29-Oct,-44498
2,54,1110,W,D,W,2661,02-Nov,,25-Feb,29-Oct,-44498
2,54,1110,W,W,D,2664,02-Nov,,25-Feb,29-Oct,-44498
2,54,1110,W,W,W,2664,02-Nov,,25-Feb,29-Oct,-44498
2,54,1111,D,D,W,2667,#DIV/0!,,#DIV/0!,29-Oct,-44498
2,54,1111,D,W,W,2670,05-Nov,,22-Feb,29-Oct,-44498
2,54,1112,D,D,W,2673,05-Nov,,22-Feb,29-Oct,-44498
2,54,1112,D,W,W,2676,#DIV/0!,,#DIV/0!,29-Oct,-44498
2,54,1113,D,D,W,2679,#DIV/0!,,#DIV/0!,29-Oct,-44498
2,148,1120,W,W,D,2724,11-Nov,,16-Feb,29-Oct,-44498
2,148,1120,W,W,W,2724,11-Nov,,16-Feb,29-Oct,-44498
2,148,1122,W,D,D,2733,18-Nov,,09-Feb,29-Oct,-44498
2,148,1122,W,W,D,2736,10-Nov,,17-Feb,29-Oct,-44498
2,148,1124,D,D,D,2745,12-Nov,,15-Feb,29-Oct,-44498
2,148,1124,D,W,D,2748,15-Nov,,12-Feb,29-Oct,-44498
2,148,1124,D,W,W,2748,15-Nov,,12-Feb,29-Oct,-44498
2,148,1125,D,W,W,2754,10-Nov,,17-Feb,29-Oct,-44498
2,152,1126,W,W,W,2760,09-Nov,,18-Feb,29-Oct,-44498
2,152,1127,W,W,W,2766,14-Nov,,13-Feb,29-Oct,-44498
2,152,1129,D,D,D,2775,08-Nov,,19-Feb,29-Oct,-44498
2,152,1129,D,D,W,2775,08-Nov,,19-Feb,29-Oct,-44498
2,152,1129,D,W,W,2778,12-Nov,,15-Feb,29-Oct,-44498
2,152,1130,D,W,W,2784,07-Nov,,20-Feb,29-Oct,-44498
2,152,1131,D,D,D,2787,#DIV/0!,,#DIV/0!,29-Oct,-44498
2,152,1131,D,D,W,2787,#DIV/0!,,#DIV/0!,29-Oct,-44498
2,152,1131,D,W,W,2790,10-Nov,,17-Feb,29-Oct,-44498
2,155,1147,D,W,W,2886,02-Nov,,25-Feb,29-Oct,-44498
2,155,1148,D,D,W,2889,02-Nov,,25-Feb,29-Oct,-44498
2,164,1151,W,W,D,2910,06-Nov,,21-Feb,29-Oct,-44498
2,164,1151,W,W,W,2910,06-Nov,,21-Feb,29-Oct,-44498
2,167,1162,W,W,W,2976,11-Nov,,16-Feb,29-Oct,-44498
2,170,1169,W,W,D,3018,07-Nov,,20-Feb,29-Oct,-44498
2,172,1179,D,W,W,3078,05-Nov,,22-Feb,29-Oct,-44498
2,342,1183,D,W,W,3102,06-Nov,,21-Feb,29-Oct,-44498
2,342,1184,D,D,D,3105,05-Nov,,22-Feb,29-Oct,-44498
2,342,1184,D,W,W,3108,06-Nov,,21-Feb,29-Oct,-44498
2,343,1186,W,D,D,3117,05-Nov,,22-Feb,29-Oct,-44498
2,343,1188,W,D,D,3129,06-Nov,,21-Feb,29-Oct,-44498
2,343,1188,W,W,W,3132,05-Nov,,22-Feb,29-Oct,-44498
2,343,1189,D,D,W,3135,10-Nov,,17-Feb,29-Oct,-44498
2,344,1193,W,W,D,3162,07-Nov,,20-Feb,29-Oct,-44498
2,344,1193,W,W,W,3162,07-Nov,,20-Feb,29-Oct,-44498
2,344,1195,D,W,D,3174,08-Nov,,19-Feb,29-Oct,-44498
2,344,1195,D,W,W,3174,08-Nov,,19-Feb,29-Oct,-44498
2,344,1196,D,D,D,3177,03-Nov,,24-Feb,29-Oct,-44498
2,344,1196,D,D,W,3177,03-Nov,,24-Feb,29-Oct,-44498
2,344,1197,D,W,D,3186,05-Nov,,22-Feb,29-Oct,-44498
2,345,1199,W,D,W,3195,08-Nov,,19-Feb,29-Oct,-44498
2,349,1208,D,D,W,3249,11-Nov,,16-Feb,29-Oct,-44498
2,372,1216,W,W,W,3300,06-Nov,,21-Feb,29-Oct,-44498
2,372,1217,W,D,W,3303,22-Nov,,05-Feb,29-Oct,-44498
2,372,1218,W,W,W,3312,05-Nov,,22-Feb,29-Oct,-44498
2,373,1222,W,W,W,3336,09-Nov,,18-Feb,29-Oct,-44498
2,373,1223,W,D,W,3339,07-Nov,,20-Feb,29-Oct,-44498
2,373,1223,W,W,D,3342,10-Nov,,17-Feb,29-Oct,-44498
2,373,1225,D,W,W,3354,08-Nov,,19-Feb,29-Oct,-44498
2,375,1238,D,D,W,3429,02-Nov,,25-Feb,29-Oct,-44498