Treatment,ID,Diameter,Height,Nodes,Flowers,Branches,Sec_flower,,,,,,,,,
Dry,2000,2.5,17,12,7,2,0,,,,,,,,,
Wet,2000,4.92,45.8,18,12,2,0,,,,,,,,,
Dry,2003,2,11,10,5,0,0,,,,,,,,,
Wet,2003,4.27,34.4,15,9,4,0,,,,,,,,,
Dry,2006,4.51,33.4,18,11,8,0,,,,,,,,,
Wet,2006,4.63,22.3,15,7,5,1,,,,,,,,,
Dry,2009,2.29,21.1,13,7,6,2,,,,,,,,,
Wet,2009,3.41,31.8,16,8,0,0,,,,,,,,,
Dry,2012,3.61,23.2,16,7,6,1,,,,,,,,,
Wet,2012,2.96,19,14,5,0,0,,,,,,,,,
Dry,2015,3.66,23.8,13,7,4,0,,,,,,,,,
Wet,2015,3.3,22.8,14,5,0,0,,,,,,,,,
Dry,2018,3.09,17.4,12,8,6,2,,,,,,,,,
Wet,2018,3.04,51.2,17,10,3,0,,,,,,,,,
Dry,2021,2.2,21.5,13,5,0,0,,,,,,,,,
Wet,2021,3.98,41.7,15,10,0,0,,,,,,,,,
Dry,2024,,,,,,,,,,,,,,,
Wet,2024,2.85,32,16,4,0,0,,,,,,,,,
Dry,2027,2.65,23.3,13,8,2,0,,,,,,,,,
Wet,2027,4.14,44.7,14,10,0,0,,,,,,,,,
Dry,2030,2.63,16.5,13,5,0,0,,,,,,,,,
Wet,2030,2.89,25.2,14,5,0,0,,,,,,,,,
Dry,2033,3.92,20.03,17,9,11,7,,,,,,,,,
Wet,2033,3.32,45,16,11,1,1,,,,,,,,,
Dry,2036,4.07,34.6,18,9,9,2,,,,,,,,,
Wet,2036,4.39,29.8,14,9,3,0,,,,,,,,,
Dry,2039,3.85,51.5,18,12,4,1,,,,,,,,,
Wet,2039,4.59,54.1,18,12,8,0,,,,,,,,,
Dry,2042,3.93,36,16,9,1,0,,,,,,,,,
Wet,2042,8.1,77.1,21,16,12,0,,,,,,,,,
Dry,2045,5.4,32,18,10,7,3,,,,,,,,,
Wet,2045,5.07,32.6,18,7,0,0,,,,,,,,,
Dry,2048,3.91,24.3,15,9,1,0,,,,,,,,,
Wet,2048,5.3,47.5,17,10,0,0,,,,,,,,,
Dry,2051,2.14,14.1,13,5,0,0,,,,,,,,,
Wet,2051,4.84,44,18,12,0,0,,,,,,,,,
Dry,2054,5.21,26.4,18,9,8,0,,,,,,,,,
Wet,2054,6.46,45,18,8,14,5,,,,,,,,,
Dry,2057,3.48,17.4,13,6,2,0,,,,,,,,,
Wet,2057,6.58,61.7,21,12,9,2,,,,,,,,,
Dry,2060,2.76,18.1,13,5,0,0,,,,,,,,,
Wet,2060,3.86,35.6,18,11,0,0,,,,,,,,,
Dry,2063,3.24,41.2,18,13,4,0,,,,,,,,,
Wet,2063,4.15,41.5,17,5,0,0,,,,,,,,,
Dry,2066,4.05,20.55,16,10,0,0,,,,,,,,,
Wet,2066,4.88,46,18,11,0,0,,,,,,,,,
Dry,2069,3.91,26.3,16,9,3,0,,,,,,,,,
Wet,2069,5.48,42,17,11,3,0,,,,,,,,,
Dry,2072,,,,,,,,,,,,,,,
Wet,2072,,,,,,,,,,,,,,,
Dry,2075,4.03,22,16,10,9,3,,,,,,,,,
Wet,2075,4.69,37,18,13,0,0,,,,,,,,,
Dry,2078,3.34,22,16,11,12,0,,,,,,,,,
Wet,2078,3.79,40.5,18,11,6,0,,,,,,,,,
Dry,2081,4.11,32.4,18,12,6,2,,,,,,,,,
Wet,2081,3.65,44,17,11,2,0,,,,,,,,,
Dry,2084,3.69,33.2,15,10,6,0,,,,,,,,,
Wet,2084,5.36,57.4,18,12,4,0,,,,,,,,,
Dry,2087,2.39,14.6,14,5,2,0,,,,,,,,,
Wet,2087,4.7,44.6,18,11,1,0,,,,,,,,,
Dry,2090,4.41,36.3,17,8,0,0,,,,,,,,,
Wet,2090,5.89,84,21,15,14,2,,,,,,,,,
Dry,2093,2.76,39,16,7,3,0,,,,,,,,,
Wet,2093,5.78,73,22,15,11,2,,,,,,,,,
Dry,2096,5.11,32,17,12,14,5,,,,,,,,,
Wet,2096,3.9,48.3,17,8,0,0,,,,,,,,,
Dry,2099,3.88,31.5,17,9,6,1,,,,,,,,,
Wet,2099,4.42,48.3,17,9,1,0,,,,,,,,,
Dry,2102,2.05,14.2,12,5,0,0,,,,,,,,,
Wet,2102,2.75,18.8,13,6,0,0,,,,,,,,,
Dry,2105,3.24,25.5,16,9,,,,,,,,,,,
Wet,2105,3.82,46,16,8,0,0,,,,,,,,,
Dry,2108,3.13,31.3,14,11,6,5,,,,,,,,,
Wet,2108,4.56,40.7,17,10,10,12,,,,,,,,,
Dry,2111,3.1,27.2,14,6,12,19,,,,,,,,,
Wet,2111,5.3,64,18,12,12,10,,,,,,,,,
Dry,2114,,,,,,,,,,,,,,,
Wet,2114,,,,,,,,,,,,,,,
Dry,2117,4.51,24,16,9,13,13,,,,,,,,,
Wet,2117,4.95,57.1,20,14,14,9,,,,,,,,,
Dry,2120,3.48,29.6,14,9,10,18,,,,,,,,,
Wet,2120,4.17,49.9,15,10,8,3,,,,,,,,,
Dry,2123,3.97,28.8,16,11,13,17,,,,,,,,,
Wet,2123,3.85,70.07,20,14,12,7,,,,,,,,,
Dry,2126,4.21,28.7,15,7,12,8,,,,,,,,,
Wet,2126,5.76,68.7,20,14,16,17,,,,,,,,,
Dry,2129,3.63,25.6,17,7,13,7,,,,,,,,,
Wet,2129,4.91,73.2,21,17,10,0,,,,,,,,,
Dry,2132,4.89,32.7,19,10,16,17,,,,,,,,,
Wet,2132,5.56,67.4,21,16,14,5,,,,,,,,,
Dry,2135,4,31,18,13,12,8,,,,,,,,,
Wet,2135,5.56,64.5,21,16,16,12,,,,,,,,,
Dry,2138,4.19,28.2,17,8,13,8,,,,,,,,,
Wet,2138,4.95,59,20,15,14,6,,,,,,,,,
Dry,2141,3.61,22.6,15,8,11,8,,,,,,,,,
Wet,2141,4.55,72.3,19,17,10,5,,,,,,,,,
Dry,2144,3.33,25.5,15,7,1,0,,,,,,,,,
Wet,2144,4.3,42.8,16,7,4,0,,,,,,,,,
Dry,2147,4.96,32.7,19,11,18,7,,,,,,,,,
Wet,2147,6.38,84.9,25,16,14,3,,,,,,,,,
Dry,2150,4.27,39.4,18,10,6,0,,,,,,,,,
Wet,2150,4.28,52.3,17,8,0,0,,,,,,,,,
Dry,2153,4.92,37.4,19,12,16,4,,,,,,,,,
Wet,2153,5.43,52,20,12,6,0,,,,,,,,,
Dry,2156,4.21,38,20,7,13,2,,,,,,,,,
Wet,2156,5.98,83.6,25,18,16,2,,,,,,,,,
Dry,2159,5.06,27.8,17,10,12,6,,,,,,,,,
Wet,2159,,5.92,57,13,13,1,,,,,,,,,
Dry,2162,2.57,18.2,12,5,0,0,,,,,,,,,
Wet,2162,4.42,22,15,4,1,0,,,,,,,,,
Dry,2165,4.51,28.4,17,10,13,8,,,,,,,,,
Wet,2165,6.03,54,23,15,16,0,,,,,,,,,
Dry,2168,4.16,29.7,18,10,12,0,,,,,,,,,
Wet,2168,4.43,34,20,7,11,1,,,,,,,,,
Dry,2171,4.95,39.8,20,13,12,3,,,,,,,,,
Wet,2171,6.71,79.3,25,14,18,2,,,,,,,,,
Dry,2174,4.88,25,16,9,14,9,,,,,,,,,
Wet,2174,4.9,32.4,17,9,4,0,,,,,,,,,
Dry,2177,4.97,27.6,18,11,13,0,,,,,,,,,
Wet,2177,5.52,72.1,20,12,6,0,,,,,,,,,
Dry,2180,4.1,28.1,17,10,16,8,,,,,,,,,
Wet,2180,7.21,54,19,13,14,21,,,,,,,,,
Dry,2183,4.27,26.5,15,10,11,7,,,,,,,,,
Wet,2183,5.32,51,18,11,17,5,,,,,,,,,
Dry,2186,3.81,28.2,15,7,7,0,,,,,,,,,
Wet,2186,3.65,38,13,7,0,0,,,,,,,,,
Dry,2189,4.83,25,16,9,16,20,,,,,,,,,
Wet,2189,5.93,44.7,16,8,10,9,,,,,,,,,
Dry,2192,3.11,22,15,6,10,9,,,,,,,,,
Wet,2192,6.68,55.8,22,17,16,1,,,,,,,,,
Dry,2195,,,,,,,,,,,,,,,
Wet,2195,,,,,,,,,,,,,,,
Dry,2198,4.4,38.7,17,11,12,4,,,,,,,,,
Wet,2198,6.34,77.8,20,10,11,2,,,,,,,,,
Dry,2201,4.27,27.5,14,10,3,0,,,,,,,,,
Wet,2201,6.46,67,19,12,12,0,,,,,,,,,
Dry,2204,5.54,29.1,16,10,12,10,,,,,,,,,
Wet,2204,,,,,,,,,,,,,,,
Dry,2207,4.24,34,16,10,12,3,,,,,,,,,
Wet,2207,6.18,83.6,20,11,12,0,,,,,,,,,
Dry,2210,5.15,28.1,15,9,11,9,,,,,,,,,
Wet,2210,6.99,65.4,16,8,9,0,,,,,,,,,
Dry,2213,,,,,,,,,,,,,,,
Wet,2213,,,,,,,,,,,,,,,
Dry,2216,5.28,24.2,17,8,12,3,,,,,,,,,
Wet,2216,4.87,56.5,19,14,4,0,,,,,,,,,
Dry,2219,3.68,36.3,17,8,4,2,,,,,,,,,
Wet,2219,5.73,80.4,21,15,16,3,,,,,,,,,
Dry,2222,4.11,32.2,16,8,11,4,,,,,,,,,
Wet,2222,6.37,75,20,12,6,4,,,,,,,,,
Dry,2225,5.04,49.4,21,15,15,7,,,,,,,,,
Wet,2225,6.8,70,22,15,15,0,,,,,,,,,
Dry,2228,5.89,35.2,18,11,14,2,,,,,,,,,
Wet,2228,7.36,60.5,18,12,13,0,,,,,,,,,
Dry,2231,4.76,34,18,12,12,1,,,,,,,,,
Wet,2231,5.06,58.6,19,12,14,0,,,,,,,,,
Dry,2234,4.84,42.2,22,12,14,6,,,,,,,,,
Wet,2234,5.57,70.3,22,12,6,0,,,,,,,,,
Dry,2237,5.12,58.8,20,8,16,5,,,,,,,,,
Wet,2237,5.59,75.8,24,15,11,0,,,,,,,,,
Dry,2240,,,,,,,,,,,,,,,
Wet,2240,,,,,,,,,,,,,,,
Dry,2243,5.3,54,21,12,15,13,,,,,,,,,
Wet,2243,5.2,77.5,21,14,4,7,,,,,,,,,
Dry,2246,4.68,51,19,8,2,2,,,,,,,,,
Wet,2246,6.89,94.5,26,18,22,6,,,,,,,,,
Dry,2249,4.48,41.5,19,13,16,3,,,,,,,,,
Wet,2249,5.38,71.2,21,14,2,0,,,,,,,,,
Dry,2252,5.02,30.5,17,8,19,17,,,,,,,,,
Wet,2252,6.3,68.5,20,24,12,3,,,,,,,,,
Dry,2255,4.49,31.4,16,8,16,9,,,,,,,,,
Wet,2255,6.25,57,17,7,15,13,,,,,,,,,
Dry,2258,3.94,35.2,18,6,20,11,,,,,,,,,
Wet,2258,5.43,89.9,22,15,14,5,,,,,,,,,
Dry,2261,4.36,37.2,18,5,15,14,,,,,,,,,
Wet,2261,5.05,65.8,17,10,4,0,,,,,,,,,
Dry,2264,,,,,,,,,,,,,,,
Wet,2264,,,,,,,,,,,,,,,
Dry,2267,3.82,33,16,9,11,2,,,,,,,,,
Wet,2267,7.11,73,19,12,15,7,,,,,,,,,
Dry,2270,4.11,49.1,18,12,9,11,,,,,,,,,
Wet,2270,4.81,56.8,17,10,1,1,,,,,,,,,
Dry,2273,,,,,,,,,,,,,,,
Wet,2273,,,,,,,,,,,,,,,
Dry,2276,4.12,38.5,17,6,11,14,,,,,,,,,
Wet,2276,4.45,57.4,17,9,0,0,,,,,,,,,
Dry,2279,4.66,49,19,12,8,6,,,,,,,,,
Wet,2279,,,,,,,,,,,,,,,
Dry,2282,5.45,49.3,17,9,16,11,,,,,,,,,
Wet,2282,4.79,84,19,12,4,0,,,,,,,,,
Dry,2285,3.76,54.8,19,15,10,7,,,,,,,,,
Wet,2285,4.87,66.5,19,12,2,0,,,,,,,,,
Dry,2288,3.9,30,17,10,14,1,,,,,,,,,
Wet,2288,4.83,59.2,21,13,12,2,,,,,,,,,
Dry,2291,4.21,44.2,20,14,15,6,,,,,,,,,
Wet,2291,5.46,68.1,22,16,8,0,,,,,,,,,
Dry,2294,4.97,34.4,16,12,11,0,,,,,,,,,
Wet,2294,7.32,97.8,24,16,20,8,originally placed in dry position,,,,,,,,
Dry,2297,5.04,36,18,14,14,12,,,,,,,,,
Wet,2297,5.18,60.8,19,13,11,0,,,,,,,,,
Dry,2300,4.69,53.3,,,,,,,,,,,,,
Wet,2300,5.72,78.2,22,14,18,0,,,,,,,,,
Dry,2303,4.96,52.7,22,12,14,9,,,,,,,,,
Wet,2303,6.31,75.4,22,15,16,2,,,,,,,,,
Dry,2306,4.63,52.4,21,15,10,4,,,,,,,,,
Wet,2306,7.75,97,23,17,18,10,,,,,,,,,
Dry,2309,5.73,67.2,21,17,18,9,,,,,,,,,
Wet,2309,5.97,108.7,23,16,10,5,,,,,,,,,
Dry,2312,5.86,42.7,19,12,21,16,,,,,,,,,
Wet,2312,6.83,77.6,19,12,16,0,,,,,,,,,
Dry,2315,5.26,42.8,20,10,15,15,,,,,,,,,
Wet,2315,5.71,76,21,14,15,0,,,,,,,,,
Dry,2318,5.47,41.4,18,10,12,5,,,,,,,,,
Wet,2318,5.58,76,20,14,14,0,,,,,,,,,
Dry,2321,4.32,37.6,18,6,17,22,,,,,,,,,
Wet,2321,6.29,70,23,17,15,4,,,,,,,,,
Dry,2324,4.29,38.5,15,12,10,13,,,,,,,,,
Wet,2324,4.86,52.2,19,13,5,8,,,,,,,,,
Dry,2327,3.88,27.6,17,8,14,9,,,,,,,,,
Wet,2327,4.94,65,21,16,8,18,,,,,,,,,
Dry,2330,4.04,40,18,8,11,5,,,,,,,,,
Wet,2330,5.95,80.1,20,16,10,1,,,,,,,,,
Dry,2333,3.88,28.3,18,6,12,5,,,,,,,,,
Wet,2333,6.58,43.4,17,8,13,20,,,,,,,,,
Dry,2336,4.15,28,15,9,10,12,,,,,,,,,
Wet,2336,5.67,46.2,17,10,6,9,,,,,,,,,
Dry,2339,3.63,34.3,16,8,14,21,,,,,,,,,
Wet,2339,4.88,71.4,18,15,9,7,,,,,,,,,
Dry,2342,4.74,34.2,15,8,15,2,,,,,,,,,
Wet,2342,5.93,72.1,19,10,1,0,,,,,,,,,
Dry,2345,5.02,42.3,21,13,12,5,,,,,,,,,
Wet,2345,5.86,98.7,22,17,10,5,,,,,,,,,
Dry,2348,4.98,37.3,18,10,14,4,,,,,,,,,
Wet,2348,7.03,72,19,12,5,0,,,,,,,,,
Dry,2351,4.06,37.7,18,11,1,0,,,,,,,,,
Wet,2351,5.77,74.3,20,14,0,0,,,,,,,,,
Dry,2354,5.12,41.7,20,8,10,7,,,,,,,,,
Wet,2354,5.37,80.4,22,14,0,0,,,,,,,,,
Dry,2357,4.27,31,17,10,13,1,,,,,,,,,
Wet,2357,6.25,88.5,21,14,8,0,,,,,,,,,
Dry,2360,3.8,26.2,12,10,5,0,,,,,,,,,
Wet,2360,4.93,50.03,15,9,8,4,,,,,,,,,
Dry,2363,3.58,30,13,9,10,11,,,,,,,,,
Wet,2363,5.48,47.5,15,12,12,10,,,,,,,,,
Dry,2366,4.75,24.8,13,8,8,11,,,,,,,,,
Wet,2366,4.97,44.6,14,10,10,4,,,,,,,,,
Dry,2369,4.66,33.5,15,10,10,2,,,,,,,,,
Wet,2369,5.13,55.1,17,10,9,2,,,,,,,,,
Dry,2372,5.14,31,14,12,11,15,,,,,,,,,
Wet,2372,6.42,51,16,12,11,22,,,,,,,,,
Dry,2375,5.71,31.6,16,10,13,5,,,,,,,,,
Wet,2375,6,66.5,19,14,17,6,,,,,,,,,
Dry,2378,4.35,29.7,16,5,8,2,,,,,,,,,
Wet,2378,6.84,75.6,20,12,17,4,,,,,,,,,
Dry,2381,,,,,,,,,,,,,,,
Wet,2381,,,,,,,,,,,,,,,
Dry,2384,4.84,41.9,19,10,13,6,,,,,,,,,
Wet,2384,6.65,83.1,20,15,8,1,,,,,,,,,
Dry,2387,3.89,26.3,16,10,11,12,,,,,,,,,
Wet,2387,6.36,50.06,16,10,12,14,,,,,,,,,
Dry,2390,3.43,18.3,13,5,6,0,,,,,,,,,
Wet,2390,6.31,61.5,18,12,13,1,,,,,,,,,
Dry,2393,4.14,31.2,16,10,10,7,,,,,,,,,
Wet,2393,4.45,53.4,19,12,14,9,,,,,,,,,
Dry,2396,3.44,38,15,9,6,0, ,,,,,,,,
Wet,2396,4.5,66.7,20,14,11,3,,,,,,,,,
Dry,2399,2.95,35.2,14,8,3,0,,,,,,,,,
Wet,2399,4.29,89.9,na,12,6,0,,,,,,,,,
Dry,2402,3.56,22.1,15,8,11,3,,,,,,,,,
Wet,2402,4.45,62.3,18,14,12,5,,,,,,,,,
Dry,2405,3.8,41,16,10,12,1,,,,,,,,,
Wet,2405,3.93,61.3,17,12,8,0,,,,,,,,,
Dry,2408,3.31,39.8,15,8,9,1,,,,,,,,,
Wet,2408,4.32,57.5,18,10,5,3,,,,,,,,,
Dry,2411,3.67,33.3,16,7,6,0,,,,,,,,,
Wet,2411,5.36,65.1,18,12,4,3,,,,,,,,,
Dry,2414,3.27,37.5,17,10,12,11,,,,,,,,,
Wet,2414,4.83,56.8,18,14,6,5,,,,,,,,,
Dry,2417,3.85,30.5,14,6,16,15,,,,,,,,,
Wet,2417,3.92,44.1,15,10,8,15,,,,,,,,,
Dry,2420,3.56,26.8,12,8,9,12,,,,,,,,,
Wet,2420,3.96,42,16,9,12,7,,,,,,,,,
Dry,2423,4.9,33.2,17,8,14,10,,,,,,,,,
Wet,2423,4.64,69.9,21,12,12,2,,,,,,,,,
Dry,2426,4.54,28.8,16,12,14,19,,,,,,,,,
Wet,2426,4.31,59,17,14,8,4,,,,,,,,,
Dry,2429,4.01,26,13,5,10,5,,,,,,,,,
Wet,2429,4.35,41.4,16,11,13,20,,,,,,,,,
Dry,2432,3.34,40.5,15,8,12,2,,,,,,,,,
Wet,2432,4.82,91,22,19,12,6,,,,,,,,,
Dry,2435,3.63,41,15,8,8,5,,,,,,,,,
Wet,2435,5.26,63.5,17,9,9,15,,,,,,,,,
Dry,2438,3.05,32.3,16,8,6,1,,,,,,,,,
Wet,2438,4.92,65.6,20,12,2,0,,,,,,,,,
Dry,2441,3.99,31,15,6,11,4,,,,,,,,,
Wet,2441,4.94,63.9,19,11,12,1,,,,,,,,,
Dry,2444,3.45,37.3,15,10,7,1,,,,,,,,,
Wet,2444,4.4,75,19,14,9,0,,,,,,,,,
Dry,2447,4.33,36.2,16,10,13,18,,,,,,,,,
Wet,2447,4.41,57.2,17,12,12,8,,,,,,,,,
Dry,2450,4.3,36.7,16,12,11,5,-,,,,,,,,
Wet,2450,4.21,59,17,11,5,7,,,,,,,,,
Dry,2453,4.66,32,14,12,8,4,,,,,,,,,
Wet,2453,5.17,71,19,14,8,0,",lhjkl;'",,,,,,,,
Dry,2456,4.03,38.6,jkl;',12,11,4,,,,,,,,,
Wet,2456,4.12,64.8,18,12,0,0,,,,,,,,,
Dry,2459,4.79,37,16,12,8,12,,,,,,,,,
Wet,2459,4.76,68,18,12,8,0,,,,,,,,,
Dry,2462,4.1,44.1,15,12,4,0,,,,,,,,,
Wet,2462,5.02,62,17,12,7,0,,,,,,,,,
Dry,2465,3.14,41.2,15,10,5,0,,,3.97,43,15,10,7,0,wrongfully input in dry 
Wet,2465,5.01,60.03,17,13,4,0,,,,,,,,,
Dry,2468,2.64,21.5,11,3,5,0,,,,,,,,,
Wet,2468,3.83,36.5,15,7,8,0,,,,,,,,,
Dry,2471,2.81,33.4,12,8,0,0,,,,,,,,,
Wet,2471,4.24,39.5,15,7,0,0,,,,,,,,,
Dry,2474,2.93,47.4,16,10,9,7,,,,,,,,,
Wet,2474,3.16,52,15,10,2,0,,,,,,,,,
Dry,2477,1.95,10.8,9,2,0,0,,,,,,,,,
Wet,2477,4.58,53.2,16,9,7,0,,,,,,,,,
Dry,2480,3.93,41.2,16,10,6,1,,,,,,,,,
Wet,2480,4.02,41.2,15,11,0,0,,,,,,,,,
Dry,2483,2.66,24.2,13,8,6,0,,,,,,,,,
Wet,2483,4.51,35.6,16,9,8,2,,,,,,,,,
Dry,2486,2.25,36.7,14,8,0,0,,,,,,,,,
Wet,2486,6,61,19,11,16,5,,,,,,,,,
Dry,2489,4.4,33.2,17,10,17,6,,,,,,,,,
Wet,2489,2.56,31,12,7,0,0,,,,,,,,,
Dry,2492,2.96,35,15,7,0,0,,,,,,,,,
Wet,2492,4.25,56.3,18,10,10,4,,,,,,,,,
Dry,2495,2.15,22.3,15,3,0,0,,,,,,,,,
Wet,2495,4.87,71.1,20,14,7,1,,,,,,,,,
Dry,2498,4.55,38.5,17,8,6,0,,,,,,,,,
Wet,2498,2.94,24.1,13,3,0,0,,,,,,,,,
Dry,2501,3.61,30.5,16,7,0,0,,,,,,,,,
Wet,2501,3.65,61,18,12,0,0,,,,,,,,,
Dry,2504,4.34,38,13,10,6,5,,,,,,,,,
Wet,2504,5.76,79.9,18,12,8,3,,,,,,,,,
Dry,2507,3.43,35.5,14,8,4,0,,,,,,,,,
Wet,2507,4.01,51,15,11,3,0,,,,,,,,,
Dry,2510,2.88,21.5,12,4,1,0,,,,,,,,,
Wet,2510,4.96,47.5,15,9,0,0,,,,,,,,,
Dry,2513,4.46,34.8,15,8,9,1,,,,,,,,,
Wet,2513,4.3,42.4,15,7,2,0,,,,,,,,,
Dry,2516,3.52,34,15,8,0,0,,,,,,,,,
Wet,2516,4.92,71.8,18,12,6,2,,,,,,,,,
Dry,2519,4.74,43.8,15,9,7,0,,,,,,,,,
Wet,2519,5.17,60,17,8,5,0,,,,,,,,,
Dry,2522,3.51,25.5,15,4,6,3,,,,,,,,,
Wet,2522,5.63,69.8,19,12,10,0,,,,,,,,,
Dry,2525,5.28,43.2,15,9,10,4,,,,,,,,,
Wet,2525,6.24,58,15,8,6,0,,,,,,,,,
Dry,2528,2.33,21.8,12,4,3,0,,,,,,,,,
Wet,2528,4.64,41.5,15,5,2,0,,,,,,,,,
Dry,2531,2.86,27.5,12,7,8,2,,,,,,,,,
Wet,2531,4.44,26,12,2,14,4,,,,,,,,,
Dry,2534,3.26,24.7,15,7,4,0,,,,,,,,,
Wet,2534,5.38,56,16,9,6,0,,,,,,,,,
Dry,2537,4.51,41.3,18,9,8,4,,,,,,,,,
Wet,2537,5.08,30.6,15,8,6,0,,,,,,,,,
Dry,2540,2.5,30.2,13,6,0,0,,,,,,,,,
Wet,2540,3.92,72,19,12,10,3,,,,,,,,,
Dry,2543,3.03,50.2,17,8,10,4,,,,,,,,,
Wet,2543,4.34,60.2,17,10,12,4,,,,,,,,,
Dry,2546,3.86,36.4,16,7,10,2,,,,,,,,,
Wet,2546,4.23,62.3,17,12,10,3,,,,,,,,,
Dry,2549,3.25,28.9,14,11,6,2,,,,,,,,,
Wet,2549,4.44,42.5,16,8,2,0,,,,,,,,,
Dry,2552,3.05,25,13,4,12,8,,,,,,,,,
Wet,2552,3.57,44.9,15,7,2,0,,,,,,,,,
Dry,2555,3.31,23.3,13,6,5,0,,,,,,,,,
Wet,2555,5.2,51.4,17,10,10,0,,,,,,,,,
Dry,2558,3.69,21.5,11,7,9,7,,,,,,,,,
Wet,2558,4.64,55.7,16,12,11,1,,,,,,,,,
Dry,2561,2.98,27.5,15,6,10,0,,,,,,,,,
Wet,2561,4.76,61.4,17,12,12,4,,,,,,,,,
Dry,2564,3.79,33.1,14,10,11,4,,,,,,,,,
Wet,2564,6.1,60.5,17,13,8,13,,,,,,,,,
Dry,2567,2.91,31.4,14,12,8,7,,,,,,,,,
Wet,2567,2.99,59.3,16,10,10,4,,,,,,,,,
Dry,2570,2.93,30.3,15,7,0,0,,,,,,,,,
Wet,2570,5.53,67,18,12,12,5,,,,,,,,,
Dry,2573,4.21,35,15,10,15,8,,,,,,,,,
Wet,2573,4.94,61,17,12,11,2,,,,,,,,,
Dry,2576,3.31,37.2,18,7,13,4,,,,,,,,,
Wet,2576,3.57,54,18,11,6,0,,,,,,,,,
Dry,2579,3.07,15.3,12,5,8,1,,,,,,,,,
Wet,2579,3.59,41.3,17,8,10,6,,,,,,,,,
Dry,2582,2.17,27.7,15,7,10,3,,,,,,,,,
Wet,2582,4.56,51,17,10,12,14,,,,,,,,,
Dry,2585,2.82,20.5,14,6,8,0,,,,,,,,,
Wet,2585,3.58,44.7,16,10,9,0,,,,,,,,,
Dry,2588,2.56,15.8,4,13,7,0,,,,,,,,,
Wet,2588,3.83,39.5,18,12,10,8,,,,,,,,,
Dry,2591,2.13,22.1,14,4,3,0,,,,,,,,,
Wet,2591,3.04,37.8,16,6,2,0,,,,,,,,,
Dry,2594,2.74,14,7,3,0,0,,,,,,,,,
Wet,2594,3.87,58,16,9,6,4,,,,,,,,,
Dry,2597,3.82,42.8,18,10,6,0,,,,,,,,,
Wet,2597,2.39,52.7,17,10,7,0,,,,,,,,,
Dry,2600,3.33,23.5,13,6,5,1,,,,,,,,,
Wet,2600,4.27,58.6,18,11,12,5,,,,,,,,,
Dry,2603,3.57,43,17,7,8,0,,,,,,,,,
Wet,2603,2.97,41,13,5,1,0,,,,,,,,,
Dry,2606,3.91,23.5,15,6,10,4,,,,,,,,,
Wet,2606,5.11,49,17,11,15,19,,,,,,,,,
Dry,2609,3.97,36.6,16,7,10,5,,,,,,,,,
Wet,2609,5.21,52.2,16,11,10,14,,,,,,,,,
Dry,2612,2.64,22,13,6,0,0,,,,,,,,,
Wet,2612,2.54,33,15,6,0,0,,,,,,,,,
Dry,2615,2.31,26.2,15,5,4,0,,,,,,,,,
Wet,2615,3.86,50.02,18,12,8,0,,,,,,,,,
Dry,2618,2.9,33.4,13,8,4,0,,,,,,,,,
Wet,2618,3.2,23.7,18,4,4,9,,,,,,,,,
Dry,2621,26.3,27.3,15,8,0,0,,,,,,,,,
Wet,2621,4.1,61.2,19,16,6,1,,,,,,,,,
Dry,2624,2.8,19.3,12,5,4,0,,,,,,,,,
Wet,2624,3.57,57.2,17,9,4,0,,,,,,,,,
Dry,2627,3.22,30.5,16,9,1,0,,,,,,,,,
Wet,2627,3.58,58.6,18,11,6,0,,,,,,,,,
Dry,2630,3.74,31.4,13,4,2,0,,,,,,,,,
Wet,2630,4.42,61,18,10,4,0,,,,,,,,,
Dry,2633,2.26,19,12,5,0,0,,,,,,,,,
Wet,2633,2.82,36.2,16,8,0,0,,,,,,,,,
Dry,2636,3.8,33.8,16,11,13,12,,,,,,,,,
Wet,2636,4.43,61.6,17,11,5,1,,,,,,,,,
Dry,2639,1.93,15.4,10,3,0,0,,,,,,,,,
Wet,2639,3.3,50.1,16,10,5,0,,,,,,,,,
Dry,2642,4.04,26.4,15,7,6,2,,,,,,,,,
Wet,2642,3.71,46.6,17,7,1,0,,,,,,,,,
Dry,2645,2.73,25.1,13,6,1,0,,,,,,,,,
Wet,2645,,,,,,,,,,,,,,,
Dry,2648,,,,,,,,,,,,,,,
Wet,2648,5.66,74,18,10,6,0,,,,,,,,,
Dry,2651,,,,,,,,,,,,,,,
Wet,2651,,,,,,,,,,,,,,,
Dry,2654,,,,,,,,,,,,,,,
Wet,2654,3.36,33.4,14,5,0,0,,,,,,,,,
Dry,2657,,,,,,,,,,,,,,,
Wet,2657,,,,,,,,,,,,,,,
Dry,2660,3.31,41.7,16,8,0,0,,,,,,,,,
Wet,2660,4.67,67,19,10,0,0,,,,,,,,,
Dry,2663,4.16,49.5,20,12,0,0,,,,,,,,,
Wet,2663,4,47,16,8,0,0,,,,,,,,,
Dry,2666,3.28,34.7,16,5,0,0,,,,,,,,,
Wet,2666,4.67,80.08,20,14,2,0,,,,,,,,,
Dry,2669,3.87,40,15,5,3,0,,,,,,,,,
Wet,2669,5.19,68.7,18,14,6,0,,,,,,,,,
Dry,2672,3.63,32.2,15,9,10,4,,,,,,,,,
Wet,2672,4.62,57,18,10,12,0,,,,,,,,,
Dry,2675,4.11,28.6,18,7,6,0,,,,,,,,,
Wet,2675,3.88,80.3,18,10,0,0,,,,,,,,,
Dry,2678,3.19,48.3,16,10,0,0,,,,,,,,,
Wet,2678,5.04,83.5,18,9,1,0,,,,,,,,,
Dry,2681,,,,,,,,,,,,,,,
Wet,2681,2.83,33,,,,,,,,,,,,,
Dry,2684,,,,,,,,,,,,,,,
Wet,2684,,,,,,,,,,,,,,,
Dry,2687,,,,,,,,,,,,,,,
Wet,2687,,,,,,,,,,,,,,,
Dry,2690,2.45,21,13,5,4,0,,,,,,,,,
Wet,2690,4.45,61,16,12,8,0,,,,,,,,,
Dry,2693,,,,,,,,,,,,,,,
Wet,2693,,,,,,,,,,,,,,,
Dry,2696,3.15,36.2,14,6,7,1,,,,,,,,,
Wet,2696,3.13,64.7,14,8,3,0,,,,,,,,,
Dry,2699,2.31,18.2,11,4,0,0,,,,,,,,,
Wet,2699,2.95,37.5,15,8,0,0,,,,,,,,,
Dry,2702,3.21,29.4,13,6,0,0,,,,,,,,,
Wet,2702,2.39,34.5,13,7,0,0,,,,,,,,,
Dry,2705,2.69,24.7,11,4,0,0,,,,,,,,,
Wet,2705,2.87,53.2,16,7,0,0,,,,,,,,,
Dry,2708,3.01,37,14,7,9,6,,,,,,,,,
Wet,2708,5.33,70,16,12,8,0,,,,,,,,,
Dry,2711,,,,,,,,,,,,,,,
Wet,2711,,,,,,,,,,,,,,,
Dry,2714,4.18,44.6,15,12,2,0,,,,,,,,,
Wet,2714,5.11,83.1,20,18,8,0,,,,,,,,,
Dry,2717,2.68,20.3,13,3,0,0,,,,,,,,,
Wet,2717,3.74,29,12,4,0,0,,,,,,,,,
Dry,2720,1.86,12.6,12,2,2,0,,,,,,,,,
Wet,2720,3.26,42.6,16,8,0,0,,,,,,,,,
Dry,2723,2.95,19,13,6,7,0,,,,,,,,,
Wet,2723,2.58,38.1,14,8,4,0,,,,,,,,,
Dry,2726,3.13,37,15,8,7,0,,,,,,,,,
Wet,2726,3.06,45,15,8,4,0,,,,,,,,,
Dry,2729,2.1,17,13,2,2,0,,,,,,,,,
Wet,2729,2.76,37.4,16,6,3,0,,,,,,,,,
Dry,2732,3.73,45.5,16,12,13,0,,,,,,,,,
Wet,2732,3.13,35.5,16,4,1,0,,Wrongfully entered: ,2.98,55.4,,,,,
Dry,2735,2.56,35.6,16,8,2,0,,,,,,,,,
Wet,2735,2.21,37.3,17,7,0,0,,,,,,,,,
Dry,2738,3.61,34,15,13,11,1,,,,,,,,,
Wet,2738,3.02,36,16,6,3,0,,,,,,,,,
Dry,2741,2.91,33.8,12,12,10,7,,,,,,,,,
Wet,2741,3.1,26.2,14,12,9,12,,,,,,,,,
Dry,2744,3.14,35.6,14,9,6,0,,,,,,,,,
Wet,2744,3.05,35.4,13,5,4,0,,,,,,,,,
Dry,2747,2.88,22.6,13,7,13,0,,,,,,,,,
Wet,2747,3.18,42.1,14,8,5,0,,,,,,,,,
Dry,2750,2.16,28.8,11,5,3,0,,,,,,,,,
Wet,2750,1.65,25,11,2,1,0,,,,,,,,,
Dry,2753,1.86,16.5,12,3,4,0,,,,,,,,,
Wet,2753,3,40,15,5,4,0,,,,,,,,,
Dry,2756,2.37,34.5,13,3,0,0,,,,,,,,,
Wet,2756,2.57,27,11,2,0,0,,,,,,,,,
Dry,2759,2.21,16.1,11,2,2,0,,,,,,,,,
Wet,2759,2.73,36.6,13,2,0,0,,,,,,,,,
Dry,2762,3.58,42.3,15,7,8,0,,,,,,,,,
Wet,2762,3.55,45.8,14,6,2,0,,,,,,,,,
Dry,2765,3.31,42.6,18,8,1,0,,,,,,,,,
Wet,2765,4.32,45,18,10,1,0,,,,,,,,,
Dry,2768,3.92,51,17,10,8,0,,,,,,,,,
Wet,2768,3.56,52.5,17,7,0,0,,,,,,,,,
Dry,2771,4.05,53.8,19,9,6,0,,,,,,,,,
Wet,2771,4.16,76,20,14,2,0,,,,,,,,,
Dry,2774,3.65,64.5,19,13,10,0,,,,,,,,,
Wet,2774,2.55,49.2,14,5,0,0,,,,,,,,,
Dry,2777,2.86,35.6,14,7,7,2,,,,,,,,,
Wet,2777,3.67,53.2,17,9,8,1,,,,,,,,,
Dry,2780,3.55,49.6,16,10,11,3,,,,,,,,,
Wet,2780,4.57,48.5,13,11,10,11,,,,,,,,,
Dry,2783,3.32,41.3,15,8,10,2,,,,,,,,,
Wet,2783,4.33,64,18,10,10,0,,,,,,,,,
Dry,2786,3.69,49.9,16,9,10,0,,,,,,,,,
Wet,2786,3.32,49.8,13,5,2,1,,,,,,,,,
Dry,2789,3.82,44.2,15,10,4,0,,,,,,,,,
Wet,2789,4.43,60.6,17,11,4,1,,,,,,,,,
Dry,2792,2.3,25.1,12,7,4,0,,,,,,,,,
Wet,2792,3.19,43.4,14,11,4,0,,,,,,,,,
Dry,2795,3.21,34.4,14,12,2,0,,,,,,,,,
Wet,2795,2.78,52.3,16,12,2,0,,,,,,,,,
Dry,2798,2.84,36.6,14,12,10,0,,,,,,,,,
Wet,2798,3.36,38,14,11,4,0,,,,,,,,,
Dry,2801,2.66,17.7,11,8,5,0,,,,,,,,,
Wet,2801,2.51,25.8,12,8,3,0,,,,,,,,,
Dry,2804,2.52,27.3,15,10,8,0,,,,,,,,,
Wet,2804,2.41,34.6,14,9,4,0,,,,,,,,,
Dry,2807,2.31,26.4,12,7,4,0,,,,,,,,,
Wet,2807,2.25,35.8,13,8,4,0,,,,,,,,,
Dry,2810,2.64,40.4,14,10,10,0,,,,,,,,,
Wet,2810,1.84,23.6,10,3,2,0,,,,,,,,,
Dry,2813,2.83,37.5,13,13,6,0,,,,,,,,,
Wet,2813,2.09,38.3,13,8,3,0,,,,,,,,,
Dry,2816,2.16,23,12,5,10,0,,,,,,,,,
Wet,2816,3.46,42.3,13,10,16,0,,,,,,,,,
Dry,2819,2.26,32,12,11,8,0,,,,,,,,,
Wet,2819,2.54,29.7,13,7,4,0,,,,,,,,,
Dry,2822,1.77,31,12,6,0,,,,,,,,,,
Wet,2822,2.12,42.4,13,8,6,0,,,,,,,,,
Dry,2825,1.96,24.6,12,9,4,0,,,,,,,,,
Wet,2825,2.87,38,14,10,11,0,,,,,,,,,
Dry,2828,,,,,,,,,,,,,,,
Wet,2828,,,,,,,,,,,,,,,
Dry,2831,2.91,41.5,14,7,4,0,,,,,,,,,
Wet,2831,3.04,61.3,17,11,2,0,,,,,,,,,
Dry,2834,3.08,44.2,14,12,2,0,,,,,,,,,
Wet,2834,4.02,59.6,16,13,13,0,,,,,,,,,
Dry,2837,3.13,44.2,13,10,1,0,real,2.71,39,13,8,0,0,,
Wet,2837,3.05,44.5,13,10,2,0,,,,,,,,,
Dry,2840,,,,,,,,,,,,,,,
Wet,2840,,,,,,,,,,,,,,,
Dry,2843,2.95,44,16,12,7,2,,,,,,,,,
Wet,2843,2.23,34,14,6,1,0,,,,,,,,,
Dry,2846,,,,,,,,,,,,,,,
Wet,2846,,,,,,,,,,,,,,,
Dry,2849,2.96,40.5,17,12,3,0,,,,,,,,,
Wet,2849,3.67,77.8,21,17,6,0,,,,,,,,,
Dry,2852,3.25,56.4,18,11,15,0,,,,,,,,,
Wet,2852,3.11,76,19,14,4,0,,,,,,,,,
Dry,2855,2.89,35.2,13,8,11,1,,,,,,,,,
Wet,2855,2.54,48.9,14,11,0,0,,,,,,,,,
Dry,2858,,,,,,,,,,,,,,,
Wet,2858,,,,,,,,,,,,,,,
Dry,2861,,,,,,,,,,,,,,,
Wet,2861,,,,,,,,,,,,,,,
Dry,2864,3.87,56.8,18,13,1,0,,,,,,,,,
Wet,2864,4.71,89.4,21,20,10,4,,,,,,,,,
Dry,2867,4.6,48.9,20,14,8,0,,,,,,,,,
Wet,2867,5.36,88.7,20,16,4,0,,,,,,,,,
Dry,2870,2.93,46.3,15,9,0,0,,,,,,,,,
Wet,2870,5.36,79,19,16,2,0,,,,,,,,,
Dry,2873,4.24,63.3,20,16,10,0,,,,,,,,,
Wet,2873,4.62,94.8,22,20,5,0,,,,,,,,,
Dry,2876,3.45,60.5,19,12,4,0,,,,,,,,,
Wet,2876,3.97,97.1,23,17,7,2,,,,,,,,,
Dry,2879,3.9,59.8,18,12,0,0,,,,,,,,,
Wet,2879,3.92,71,19,14,0,0,,,,,,,,,
Dry,2882,4.92,31.3,15,10,15,8,,,,,,,,,
Wet,2882,6.01,97.7,23,18,15,10,,,,,,,,,
Dry,2885,4.63,49.3,19,14,12,0,,,,,,,,,
Wet,2885,4.8,76.2,21,17,13,3,,,,,,,,,
Dry,2888,3.71,52.4,19,12,7,3,,,,,,,,,
Wet,2888,6.22,79,21,18,8,3,,,,,,,,,
Dry,2891,4.09,42.3,17,11,8,0,,,,,,,,,
Wet,2891,4.95,54.6,18,14,4,0,,,,,,,,,
Dry,2894,4.61,38.5,16,12,12,8,,,,,,,,,
Wet,2894,3.15,40.7,15,9,0,0,,,,,,,,,
Dry,2897,3.62,43.8,17,7,0,0,,,,,,,,,
Wet,2897,,,,,,,,,,,,,,,
Dry,2900,3.21,31.2,13,12,12,6,,,,,,,,,
Wet,2900,3.67,49.4,16,14,12,3,,,,,,,,,
Dry,2903,2.96,25.7,11,10,10,9,,,,,,,,,
Wet,2903,3.85,48,15,12,10,11,,,,,,,,,
Dry,2906,2.82,18.2,12,8,10,7,,,,,,,,,
Wet,2906,3.2,27.5,13,12,11,11,,,,,,,,,
Dry,2909,3.06,25.4,13,7,9,9,,,,,,,,,
Wet,2909,3.73,46.5,16,12,16,12,,,,,,,,,
Dry,2912,3.27,27.9,15,10,12,15,,,,,,,,,
Wet,2912,3.8,48.6,15,14,12,10,,,,,,,,,
Dry,2915,3.12,21.5,12,10,10,9,,,,,,,,,
Wet,2915,2.85,39.8,15,13,8,4,,,,,,,,,
Dry,2918,3.34,26.4,13,10,12,16,,,,,,,,,
Wet,2918,4.36,41.2,15,11,12,9,,,,,,,,,
Dry,2921,3.24,27.4,14,12,12,12,,,,,,,,,
Wet,2921,4.58,56.5,18,17,13,13,,,,,,,,,
Dry,2924,,,,,,,,,,,,,,,
Wet,2924,,,,,,,,,,,,,,,
Dry,2927,3.37,24.9,14,12,12,11,,,,,,,,,
Wet,2927,2.91,37.4,14,11,9,0,,,,,,,,,
Dry,2930,3.44,30.5,15,11,13,6,,,,,,,,,
Wet,2930,3.57,49.7,15,11,14,0,,,,,,,,,
Dry,2933,3.04,36.6,15,13,12,14,,,,,,,,,
Wet,2933,3.43,47.4,16,13,11,0,,,,,,,,,
Dry,2936,3.6,36.8,14,8,10,2,,,,,,,,,
Wet,2936,3.82,53.8,16,14,11,5,,,,,,,,,
Dry,2939,3.41,37.8,15,12,12,5,,,,,,,,,
Wet,2939,,,,,,,,,,,,,,,
Dry,2942,3.99,31,15,11,13,3,,,,,,,,,
Wet,2942,4.83,80.4,20,21,15,3,,,,,,,,,
Dry,2945,3.78,40.8,17,8,13,1,,,,,,,,,
Wet,2945,3.78,63.8,19,16,12,1,,,,,,,,,
Dry,2948,3.37,32.4,14,10,11,0,,,,,,,,,
Wet,2948,3.91,58.2,16,14,9,0,,,,,,,,,
Dry,2951,3.51,34.5,15,10,10,2,,,,,,,,,
Wet,2951,4.21,60.3,18,15,14,5,,,,,,,,,
Dry,2954,3.68,30.5,14,10,12,5,,,,,,,,,
Wet,2954,4.64,63.2,19,16,14,4,,,,,,,,,
Dry,2957,3.06,43,17,8,11,0,,,,,,,,,
Wet,2957,3.89,69,20,16,23,0,,,,,,,,,
Dry,2960,3.52,50.2,17,12,12,2,,,,,,,,,
Wet,2960,3.82,64,18,14,14,0,,,,,,,,,
Dry,2963,2.95,31.2,13,12,12,4,,,,,,,,,
Wet,2963,3.88,50,16,16,14,10,,,,,,,,,
Dry,2966,3.22,37.3,15,10,13,4,,,,,,,,,
Wet,2966,4.08,75.3,19,18,12,0,,,,,,,,,
Dry,2969,3,27,14,7,12,0,,,,,,,,,
Wet,2969,3.88,75.6,19,17,14,3,,,,,,,,,
Dry,2972,3.87,25.2,13,8,10,0,,,,,,,,,
Wet,2972,3.3,39.6,15,9,7,0,,,,,,,,,
Dry,2975,3.17,30.5,12,10,9,1,5,,,,,,,,
Wet,2975,3.25,54.5,16,13,12,0,,,,,,,,,
Dry,2978,2.75,23,11,6,8,0,,,,,,,,,
Wet,2978,2.88,42,15,7,6,0,,,,,,,,,
Dry,2981,2.53,20.07,13,6,2,0,,,,,,,,,
Wet,2981,2.68,33.1,14,9,2,0,,,,,,,,,
Dry,2984,1.85,10,11,2,1,0,,,,,,,,,
Wet,2984,3.11,45.8,15,11,7,1,,,,,,,,,
Dry,2987,3.26,37.1,14,10,12,1,,,,,,,,,
Wet,2987,2.68,29.4,13,5,5,0,,,,,,,,,
Dry,2990,3.28,25.7,14,8,14,1,,,,,,,,,
Wet,2990,3.81,37,16,9,6,0,,,,,,,,,
Dry,2993,3.1,29,14,8,12,0,,,,,,,,,
Wet,2993,4.32,56.3,16,12,18,2,,,,,,,,,
Dry,2996,2.26,13.5,10,3,4,0,,,,,,,,,
Wet,2996,3.73,38.1,15,11,12,3,,,,,,,,,
Dry,2999,3.38,23.6,14,9,11,3,,,,,,,,,
Wet,2999,3.67,44.4,16,10,13,0,,,,,,,,,
Dry,3002,4.91,36.7,15,13,15,12,,,,,,,,,
Wet,3002,4.51,36.2,14,8,6,0,,,,,,,,,
Dry,3005,2.93,29.3,12,10,7,0,,,,,,,,,
Wet,3005,4,50.3,16,11,14,0,,,,,,,,,
Dry,3008,2.62,16.2,10,8,6,0,,,,,,,,,
Wet,3008,2.42,12.6,11,2,2,0,,,,,,,,,
Dry,3011,2.59,15,11,6,7,0,,,,,,,,,
Wet,3011,1.96,21.2,10,3,0,0,,,,,,,,,
Dry,3014,3.17,28.2,13,10,10,0,,,,,,,,,
Wet,3014,2.09,28,13,6,2,0,,,,,,,,,
Dry,3017,2.46,14.1,10,4,4,0,,,,,,,,,
Wet,3017,2.83,25,13,5,2,0,,,,,,,,,
Dry,3020,2.07,21.9,12,6,2,0,,,,,,,,,
Wet,3020,1.71,17,11,2,0,,,,,,,,,,
Dry,3023,2.78,36.1,14,8,4,0,,,,,,,,,
Wet,3023,3.49,43.2,15,12,7,1,,,,,,,,,
Dry,3026,2.51,24,13,7,10,0,,,,,,,,,
Wet,3026,2.96,41,16,13,12,0,,,,,,,,,
Dry,3029,2.35,31.1,15,8,3,0,,,,,,,,,
Wet,3029,2.91,34,16,7,7,0,,,,,,,,,
Dry,3032,2.45,13.4,11,4,13,0,,,,,,,,,
Wet,3032,2.38,32.2,15,9,4,0,,wrongfully put in here: ,3.25,44.3,,,,,
Dry,3035,1.81,19.6,12,5,0,0,,,,,,,,,
Wet,3035,2.66,30.06,14,7,4,0,,,,,,,,,
Dry,3038,1.72,22,12,6,4,0,,,,,,,,,
Wet,3038,2,21.8,12,3,0,0,,,,,,,,,
Dry,3041,1.52,15,12,5,2,0,,,,,,,,,
Wet,3041,2.86,32.2,14,11,3,2,,,,,,,,,
Dry,3044,1.99,18,12,8,5,0,,,,,,,,,
Wet,3044,1.87,12,10,2,1,0,,,,,,,,,
Dry,3047,2.5,25,13,10,7,0,,,,,,,,,
Wet,3047,3.79,67.9,15,9,3,0,,,,,,,,,
Dry,3050,1.35,13.5,12,3,0,0,,,,,,,,,
Wet,3050,2.16,16.3,11,2,3,0,,,,,,,,,
Dry,3053,2.5,24.2,13,6,5,0,,,,,,,,,
Wet,3053,2.37,29.6,13,8,0,0,,,,,,,,,
Dry,3056,2.24,21,12,6,1,0,,,,,,,,,
Wet,3056,2.46,31.6,12,8,0,0,,,,,,,,,
Dry,3059,,,,,,,,,,,,,,,
Wet,3059,,,,,,,,,,,,,,,
Dry,3062,1.99,21.8,11,6,0,0,,,,,,,,,
Wet,3062,3.25,37,14,9,8,0,,,,,,,,,
Dry,3065,2.37,31.7,14,8,2,0,,,,,,,,,
Wet,3065,2.46,40.6,14,6,2,0,,,,,,,,,
Dry,3068,2.86,26.6,12,8,8,0,,,,,,,,,
Wet,3068,3.09,31.2,12,6,7,0,,,,,,,,,
Dry,3071,2.76,32,12,10,8,0,,,,,,,,,
Wet,3071,3.74,50.5,15,8,7,0,,,,,,,,,
Dry,3074,2.89,26.5,13,9,6,0,,,,,,,,,
Wet,3074,3.4,43.2,15,10,8,1,,,,,,,,,
Dry,3077,2.46,19,11,5,8,0,,,,,,,,,
Wet,3077,3.31,49.5,16,8,8,3,,,,,,,,,
Dry,3080,3.04,26.1,14,4,4,0,,,,,,,,,
Wet,3080,4.35,43.6,18,8,6,0,,,,,,,,,
Dry,3083,,,,,,,,,,,,,,,
Wet,3083,,,,,,,,,,,,,,,
Dry,3086,,,,,,,,,,,,,,,
Wet,3086,,,,,,,,,,,,,,,
Dry,3089,,,,,,,,,,,,,,,
Wet,3089,,,,,,,,,,,,,,,
Dry,3092,,,,,,,,,,,,,,,
Wet,3092,,,,,,,,,,,,,,,
Dry,3095,,,,,,,,,,,,,,,
Wet,3095,,,,,,,,,,,,,,,
Dry,3098,,,,,,,,,,,,,,,
Wet,3098,,,,,,,,,,,,,,,
Dry,3101,4.09,42,15,10,8,0,,,,,,,,,
Wet,3101,4.81,80,20,12,6,0,,,,,,,,,
Dry,3104,4.87,53,19,16,14,2,,,,,,,,,
Wet,3104,5.48,75.4,19,14,12,0,,,,,,,,,
Dry,3107,3.47,28.5,17,8,14,0,,,,,,,,,
Wet,3107,5.35,49.3,18,12,18,2,,,,,,,,,
Dry,3110,4.33,48.1,18,12,10,0,,,,,,,,,
Wet,3110,4.27,66.4,19,15,10,0,,,,,,,,,
Dry,3113,2.36,32,15,4,0,0,,,,,,,,,
Wet,3113,4.04,59.2,17,8,5,0,,,,,,,,,
Dry,3116,1.52,20,12,3,0,0,,,,,,,,,
Wet,3116,2.67,42.3,13,6,1,0,,,,,,,,,
Dry,3119,2.03,26,12,4,1,0,,,,,,,,,
Wet,3119,2.7,45.3,14,10,3,0,,,,,,,,,
Dry,3122,2.38,29.5,13,8,1,0,,,,,,,,,
Wet,3122,2.85,41.3,15,11,6,0,,,,,,,,,
Dry,3125,2.6,27,13,9,5,0,,,,,,,,,
Wet,3125,3.6,46,13,10,6,0,,,,,,,,,
Dry,3128,2.62,34.1,13,10,6,0,,,,,,,,,
Wet,3128,3.64,46.6,15,10,5,0,,,,,,,,,
Dry,3131,3.68,32.6,13,8,8,2,,,,,,,,,
Wet,3131,,,,,,,,,,,,,,,
Dry,3134,2.58,34,15,7,9,0,,,,,,,,,
Wet,3134,4.02,66.8,16,11,16,0,,,,,,,,,
Dry,3137,2.68,28.9,12,9,6,2,,,,,,,,,
Wet,3137,3.72,54,15,10,6,0,,,,,,,,,
Dry,3140,2.12,29.3,12,6,4,0,,,,,,,,,
Wet,3140,2.67,33.5,13,6,2,0,,,,,,,,,
Dry,3143,2.16,26.6,12,5,1,0,,,,,,,,,
Wet,3143,2.75,44.5,14,8,6,0,,,,,,,,,
Dry,3146,3.09,20.8,11,5,10,0,,,,,,,,,
Wet,3146,3.13,54,16,8,8,0,,,,,,,,,
Dry,3149,,,,,,,,,,,,,,,
Wet,3149,,,,,,,,,,,,,,,
Dry,3152,,,,,,,,,,,,,,,
Wet,3152,3.04,33.6,15,4,8,0,,,,,,,,,
Dry,3155,,,,,,,,,,,,,,,
Wet,3155,,,,,,,,,,,,,,,
Dry,3158,1.82,20.3,12,3,2,0,,,,,,,,,
Wet,3158,,,,,,,,,,,,,,,
Dry,3161,2.27,22,12,6,4,0,,,,,,,,,
Wet,3161,2.49,36.2,15,8,1,0,,,,,,,,,
Dry,3164,,,,,,,,,,,,,,,
Wet,3164,,,,,,,,,,,,,,,
Dry,3167,2.6,34.8,16,11,8,1,,,,,,,,,
Wet,3167,,,,,,,,,,,,,,,
Dry,3170,4.34,26.5,13,5,10,0,,,,,,,,,
Wet,3170,3.24,51.3,16,8,6,0,,,,,,,,,
Dry,3173,3.63,29.7,13,11,10,4,,,,,,,,,
Wet,3173,3.81,40.4,13,6,12,11,,,,,,,,,
Dry,3176,,,,,,,,,,,,,,,
Wet,3176,5.29,na,18,5,12,0,,,,,,,,,
Dry,3179,,,,,,,,,,,,,,,
Wet,3179,,,,,,,,,,,,,,,
Dry,3182,2.92,28.3,12,10,6,0,,,,,,,,,
Wet,3182,2.83,33.3,13,5,8,0,,,,,,,,,
Dry,3185,2.78,30,14,8,9,0,,,,,,,,,
Wet,3185,3.27,45.3,15,9,10,0,,,,,,,,,
Dry,3188,2.79,21.6,13,2,2,0,,,,,,,,,
Wet,3188,3.27,42,13,6,6,0,,,,,,,,,
Dry,3191,2.48,33.8,14,8,6,0,,,,,,,,,
Wet,3191,3.61,42.4,17,8,9,0,,,,,,,,,
Dry,3194,2.61,29.3,13,9,8,1,,,,,,,,,
Wet,3194,3.39,44,14,7,16,0,,,,,,,,,
Dry,3197,2.22,21.5,13,6,0,0,,,,,,,,,
Wet,3197,2.6,29,13,5,4,0,,,,,,,,,
Dry,3200,2.88,28.4,13,8,10,0,,,,,,,,,
Wet,3200,3.43,33.5,16,5,8,0,,,,,,,,,
Dry,3203,1.67,13.8,10,2,0,0,,,,,,,,,
Wet,3203,3.58,33.2,13,8,7,1,,,,,,,,,
Dry,3206,,,,,,,,,,,,,,,
Wet,3206,,,,,,,,,,,,,,,
Dry,3209,2.5,21.5,17,12,4,0,,,,,,,,,
Wet,3209,4.72,45.1,20,16,10,3,,,,,,,,,
Dry,3212,,,,,,,,,,,,,,,
Wet,3212,,,,,,,,,,,,,,,
Dry,3215,2.96,16.8,15,8,13,0,,,,,,,,,
Wet,3215,4.29,39.3,18,14,12,0,,,,,,,,,
Dry,3218,3.56,42,15,10,6,0,,,,,,,,,
Wet,3218,,,,,,,,,,,,,,,
Dry,3221,2.09,26.6,14,6,0,0,,,,,,,,,
Wet,3221,3.66,25.5,16,9,8,0,,,,,,,,,
Dry,3224,2.96,38.2,14,10,10,0,,,,,,,,,
Wet,3224,3.24,47,15,9,3,0,,,,,,,,,
Dry,3227,3.09,24.8,11,6,0,0,,,,,,,,,
Wet,3227,2.82,23,11,3,0,0,,,,,,,,,
Dry,3230,3.13,24.5,12,6,2,0,,,,,,,,,
Wet,3230,3.19,38.5,14,7,6,0,,,,,,,,,
Dry,3233,3.03,28.8,14,7,11,0,,,,,,,,,
Wet,3233,3.07,38.7,11,7,0,0,,,,,,,,,
Dry,3236,2.44,35.4,14,6,1,0,,,,,,,,,
Wet,3236,,,,,,,,,,,,,,,
Dry,3239,2.36,24.5,12,4,1,0,,,,,,,,,
Wet,3239,3.89,50.3,16,10,5,0,,,,,,,,,
Dry,3242,2.67,21,11,4,2,0,,,,,,,,,
Wet,3242,2.88,33.6,12,7,2,0,,,,,,,,,
Dry,3245,3.17,34.3,13,9,10,0,,,,,,,,,
Wet,3245,3.31,35.5,12,6,4,0,,,,,,,,,
Dry,3248,1.99,23.6,10,3,2,0,,,,,,,,,
Wet,3248,3.33,48,13,8,2,0,,,,,,,,,
Dry,3251,,,,,,,,,,,,,,,
Wet,3251,,,,,,,,,,,,,,,
Dry,3254,3.18,32.9,13,9,13,0,,,,,,,,,
Wet,3254,3.38,52.4,15,11,9,0,,,,,,,,,
Dry,3257,3.11,34.5,14,6,4,0,,,,,,,,,
Wet,3257,2.43,30.1,12,7,3,0,,,,,,,,,
Dry,3260,,,,,,,,,,,,,,,
Wet,3260,,,,,,,,,,,,,,,
Dry,3263,2.18,27,11,6,2,0,,,,,,,,,
Wet,3263,4.2,61.3,16,14,3,1,,,,,,,,,
Dry,3266,2.26,30,12,7,4,0,,,,,,,,,
Wet,3266,3.15,51.5,14,11,6,0,,,,,,,,,
Dry,3269,2.77,31.8,13,8,5,0,,,,,,,,,
Wet,3269,2.35,42.2,13,8,1,0,,,,,,,,,
Dry,3272,3.21,34.1,13,8,3,0,,,,,,,,,
Wet,3272,2.62,33.1,13,10,6,0,,,,,,,,,
Dry,3275,2.34,29.9,12,8,6,0,,,,,,,,,
Wet,3275,2.2,25,10,6,2,0,,,,,,,,,
Dry,3278,2.96,40.6,15,10,2,0,,,,,,,,,
Wet,3278,3.3,53.5,17,12,2,0,,,,,,,,,
Dry,3281,2.67,28.1,13,8,4,0,,,,,,,,,
Wet,3281,2.76,30.4,13,6,1,0,,,,,,,,,
Dry,3284,3.61,34.8,14,9,9,3,,,,,,,,,
Wet,3284,3.37,52.8,15,9,4,0,,,,,,,,,
Dry,3287,2.29,44.6,13,10,1,0,,,,,,,,,
Wet,3287,2.59,49.4,14,11,6,0,,,,,,,,,
Dry,3290,1.83,22.4,11,4,3,0,,,,,,,,,
Wet,3290,3,45.7,13,8,3,0,,,,,,,,,
Dry,3293,2.59,32.3,11,8,5,0,,,,,,,,,
Wet,3293,3.39,52.1,15,12,10,0,,,,,,,,,
Dry,3296,3.32,33.1,14,10,8,0,,,,,,,,,
Wet,3296,4.78,30.5,15,4,10,0,,,,,,,,,
Dry,3299,2.01,21.6,10,3,0,0,,,,,,,,,
Wet,3299,3.34,33.5,13,4,4,0,3.97,89.8,diameter and height written in wrong spot,,,,,,
Dry,3302,2.85,42,15,10,2,0,,,,,,,,,
Wet,3302,3.28,42.9,16,8,4,0,,,,,,,,,
Dry,3305,2.66,32.5,13,6,2,0,,,,,,,,,
Wet,3305,,,,,,,,,,,,,,,
Dry,3308,3.4,36,14,6,4,0,,,,,,,,,
Wet,3308,2.93,24.4,11,2,1,0,,,,,,,,,
Dry,3311,2.79,27.8,12,6,0,0,,,,,,,,,
Wet,3311,3.46,35,14,5,2,0,,,,,,,,,
Dry,3314,2.73,36.6,14,6,0,0,,,,,,,,,
Wet,3314,4.07,53.1,17,10,0,0,,,,,,,,,
Dry,3317,3.13,38.4,16,8,1,0,,,,,,,,,
Wet,3317,3.88,61.6,18,12,1,0,,,,,,,,,
Dry,3320,3.46,45.2,16,8,1,0,,,,,,,,,
Wet,3320,2.93,37.6,13,6,0,0,,,,,,,,,
Dry,3323,3.21,36.2,15,9,0,,,,,,,,,,
Wet,3323,2.44,25.7,11,3,2,0,,,,,,,,,
Dry,3326,3.19,38.5,16,7,0,0,,,,,,,,,
Wet,3326,3.85,40,14,6,1,0,,,,,,,,,
Dry,3329,1.79,16.7,9,4,0,0,,,,,,,,,
Wet,3329,3.63,40,15,5,0,0`,,,,,,,,,
Dry,3332,,,,,,,,,,,,,,,
Wet,3332,,,,,,,,,,,,,,,
Dry,3335,2.45,26.4,12,5,3,0,,,,,,,,,
Wet,3335,2.68,39.2,13,4,5,0,,,,,,,,,
Dry,3338,3.53,27.3,12,4,1,0,,,,,,,,,
Wet,3338,2.51,28.3,12,2,4,0,,,,,,,,,
Dry,3341,4,36.3,16,10,14,3,,,,,,,,,
Wet,3341,2.98,46.8,14,8,5,0,,,,,,,,,
Dry,3344,2.77,34,13,4,0,,,,,,,,,,
Wet,3344,2.8,43.5,14,6,1,0,,,,,,,,,
Dry,3347,,,,,,,,,,,,,,,
Wet,3347,,,,,,,,,,,,,,,
Dry,3350,2.99,40.5,15,7,6,0,,,,,,,,,
Wet,3350,2.52,35,14,4,4,0,,,,,,,,,
Dry,3353,3.21,35.1,15,8,4,0,,,,,,,,,
Wet,3353,3.36,57.2,17,7,6,0,,,,,,,,,
Dry,3356,2.23,28,12,6,0,0,,,,,,,,,
Wet,3356,3.12,42,14,5,4,0,,,,,,,,,
Dry,3359,2.04,19.6,10,6,0,0,,,,,,,,,
Wet,3359,3.83,65.2,18,11,11,0,,,,,,,,,
Dry,3362,3.2,51.8,15,10,2,0,,,,,,,,,
Wet,3362,4.56,82,18,10,11,0,,,,,,,,,
Dry,3365,,,,,,,,,,,,,,,
Wet,3365,,,,,,,,,,,,,,,
Dry,3368,2.23,26,11,4,3,0,,,,,,,,,
Wet,3368,2.17,26,10,4,2,0,,,,,,,,,
Dry,3371,2.99,48,15,7,4,0,,,,,,,,,
Wet,3371,2.42,41.5,14,5,1,0,,,,,,,,,
Dry,3374,2.34,33.9,12,9,2,1,,,,,,,,,
Wet,3374,3.99,63.6,16,10,7,0,,,,,,,,,
Dry,3377,2.39,44,15,5,1,0,,,,,,,,,
Wet,3377,2.13,34.2,11,4,3,0,,,,,,,,,
Dry,3380,2.38,45.4,15,9,0,0,,,,,,,,,
Wet,3380,3.36,53.2,16,6,1,0,,,,,,,,,
Dry,3383,2.35,35.5,14,5,1,0,,,,,,,,,
Wet,3383,2.9,40,15,5,2,0,,,,,,,,,
Dry,3386,3.39,26,12,6,4,0,,,,,,,,,
Wet,3386,2.24,16.4,11,1,5,0,,,,,,,,,
Dry,3389,,,,,,,,,,,,,,,
Wet,3389,,,,,,,,,,,,,,,
Dry,3392,2.64,27,12,5,2,0,,,,,,,,,
Wet,3392,2.15,20,12,2,3,0,,,,,,,,,
Dry,3395,2.15,30.7,13,3,0,0,,,,,,,,,
Wet,3395,4.95,86.9,19,12,7,3,,,,,,,,,
Dry,3398,2.13,24,12,2,4,1,,,,,,,,,
Wet,3398,,,,,,,,,,,,,,,
Dry,3401,3.34,17.5,12,3,4,0,,,,,,,,,
Wet,3401,2.48,17.2,9,1,2,0,,,,,,,,,
Dry,3404,4.31,35.4,16,12,7,0,,,,,,,,,
Wet,3404,2,11.7,9,2,0,0,,,,,,,,,
Dry,3407,2.06,15,11,3,0,0,,,,,,,,,
Wet,3407,2.36,27.1,12,5,0,0,,,,,,,,,
Dry,3410,2.76,16,9,4,5,0,,,,,,,,,
Wet,3410,2.86,18.2,11,6,3,0,,,,,,,,,
Dry,3413,2.14,17.5,10,4,0,0,,,,,,,,,
Wet,3413,2.45,28.7,13,7,0,0,,,,,,,,,
Dry,3416,1.78,17,8,3,0,0,,,,,,,,,
Wet,3416,3.91,40.5,12,11,6,0,,,,,,,,,
Dry,3419,,,,,,,,,,,,,,,
Wet,3419,,,,,,,,,,,,,,,
Dry,3422,3.24,54.8,15,10,0,0,,,,,,,,,
Wet,3422,4.14,76.8,18,14,10,0,,,,,,,,,
Dry,3425,2.9,42.3,15,10,6,0,,,,,,,,,
Wet,3425,3.61,46.8,15,8,8,2,,,,,,,,,
Dry,3428,1.85,29.1,13,6,2,0,,,,,,,,,
Wet,3428,2.22,32,14,5,4,0,,,,,,,,,
Dry,3431,3.36,46.5,15,9,4,0,,,,,,,,,
Wet,3431,3.32,46.3,14,8,12,0,,,,,,,,,
Dry,3434,1.82,17.3,10,4,2,0,,,,,,,,,
Wet,3434,3.01,50.02,16,10,5,0,,,,,,,,,
Dry,3437,1.95,26.3,11,7,0,0,,,,,,,,,
Wet,3437,3.73,50.5,14,9,7,0,,,,,,,,,